operation,run,round,seed,order,execution_sequence,d12c_explicit_ns,d13_explicit_ns
keygen,1,0,0,legacy-first,d12c-then-d13,106841000,106582000
keygen,1,1,0,explicit-first,d12c-then-d13,106582000,107378000
keygen,1,2,1,legacy-first,d12c-then-d13,158832000,159576000
keygen,1,3,1,explicit-first,d12c-then-d13,158521000,159980000
keygen,1,4,2,legacy-first,d12c-then-d13,227810000,227861000
keygen,1,5,2,explicit-first,d12c-then-d13,228608000,228317000
keygen,1,6,3,legacy-first,d12c-then-d13,150176000,150783000
keygen,1,7,3,explicit-first,d12c-then-d13,150799000,150996000
keygen,1,8,4,legacy-first,d12c-then-d13,228796000,229472000
keygen,1,9,4,explicit-first,d12c-then-d13,228449000,229622000
keygen,1,10,5,legacy-first,d12c-then-d13,354817000,356985000
keygen,1,11,5,explicit-first,d12c-then-d13,354952000,356625000
keygen,1,12,6,legacy-first,d12c-then-d13,461714000,463439000
keygen,1,13,6,explicit-first,d12c-then-d13,462965000,462482000
keygen,1,14,7,legacy-first,d12c-then-d13,191339000,191926000
keygen,1,15,7,explicit-first,d12c-then-d13,191202000,192211000
keygen,1,16,8,legacy-first,d12c-then-d13,274539000,274526000
keygen,1,17,8,explicit-first,d12c-then-d13,273971000,274559000
keygen,1,18,9,legacy-first,d12c-then-d13,583402000,587907000
keygen,1,19,9,explicit-first,d12c-then-d13,585616000,586892000
keygen,1,20,10,legacy-first,d12c-then-d13,199291000,199557000
keygen,1,21,10,explicit-first,d12c-then-d13,199282000,200123000
keygen,1,22,11,legacy-first,d12c-then-d13,112866000,113183000
keygen,1,23,11,explicit-first,d12c-then-d13,113134000,113525000
keygen,1,24,12,legacy-first,d12c-then-d13,273013000,274664000
keygen,1,25,12,explicit-first,d12c-then-d13,275300000,275265000
keygen,1,26,13,legacy-first,d12c-then-d13,239070000,239046000
keygen,1,27,13,explicit-first,d12c-then-d13,238105000,238393000
keygen,1,28,14,legacy-first,d12c-then-d13,363303000,362003000
keygen,1,29,14,explicit-first,d12c-then-d13,362279000,363007000
keygen,2,0,0,legacy-first,d13-then-d12c,106187000,106809000
keygen,2,1,0,explicit-first,d13-then-d12c,106600000,106944000
keygen,2,2,1,legacy-first,d13-then-d12c,158685000,158918000
keygen,2,3,1,explicit-first,d13-then-d12c,158372000,159253000
keygen,2,4,2,legacy-first,d13-then-d12c,227994000,228639000
keygen,2,5,2,explicit-first,d13-then-d12c,227268000,227748000
keygen,2,6,3,legacy-first,d13-then-d12c,150046000,150880000
keygen,2,7,3,explicit-first,d13-then-d12c,149888000,150661000
keygen,2,8,4,legacy-first,d13-then-d12c,228191000,229686000
keygen,2,9,4,explicit-first,d13-then-d12c,227700000,229448000
keygen,2,10,5,legacy-first,d13-then-d12c,355079000,357886000
keygen,2,11,5,explicit-first,d13-then-d12c,355249000,355744000
keygen,2,12,6,legacy-first,d13-then-d12c,461435000,462384000
keygen,2,13,6,explicit-first,d13-then-d12c,462272000,461737000
keygen,2,14,7,legacy-first,d13-then-d12c,191006000,190932000
keygen,2,15,7,explicit-first,d13-then-d12c,191139000,191177000
keygen,2,16,8,legacy-first,d13-then-d12c,272985000,273422000
keygen,2,17,8,explicit-first,d13-then-d12c,273698000,274093000
keygen,2,18,9,legacy-first,d13-then-d12c,582427000,582762000
keygen,2,19,9,explicit-first,d13-then-d12c,583181000,583779000
keygen,2,20,10,legacy-first,d13-then-d12c,199713000,199506000
keygen,2,21,10,explicit-first,d13-then-d12c,198683000,198988000
keygen,2,22,11,legacy-first,d13-then-d12c,112879000,113046000
keygen,2,23,11,explicit-first,d13-then-d12c,112879000,112873000
keygen,2,24,12,legacy-first,d13-then-d12c,273588000,272167000
keygen,2,25,12,explicit-first,d13-then-d12c,274190000,274180000
keygen,2,26,13,legacy-first,d13-then-d12c,237714000,237695000
keygen,2,27,13,explicit-first,d13-then-d12c,237481000,238458000
keygen,2,28,14,legacy-first,d13-then-d12c,360294000,363849000
keygen,2,29,14,explicit-first,d13-then-d12c,360443000,361988000
sign,1,0,302055424,legacy-first,d12c-then-d13,542029000,543045000
sign,1,1,302055424,explicit-first,d12c-then-d13,542576000,542621000
sign,1,2,302055425,legacy-first,d12c-then-d13,588657000,589807000
sign,1,3,302055425,explicit-first,d12c-then-d13,589683000,590996000
sign,1,4,302055426,legacy-first,d12c-then-d13,570972000,571098000
sign,1,5,302055426,explicit-first,d12c-then-d13,571137000,570573000
sign,1,6,302055427,legacy-first,d12c-then-d13,695075000,697144000
sign,1,7,302055427,explicit-first,d12c-then-d13,695500000,695520000
sign,1,8,302055428,legacy-first,d12c-then-d13,508422000,509738000
sign,1,9,302055428,explicit-first,d12c-then-d13,508951000,510432000
sign,1,10,302055429,legacy-first,d12c-then-d13,488053000,490512000
sign,1,11,302055429,explicit-first,d12c-then-d13,488082000,489510000
sign,1,12,302055430,legacy-first,d12c-then-d13,685074000,686787000
sign,1,13,302055430,explicit-first,d12c-then-d13,684460000,687004000
sign,1,14,302055431,legacy-first,d12c-then-d13,287326000,287104000
sign,1,15,302055431,explicit-first,d12c-then-d13,288794000,287065000
sign,1,16,302055432,legacy-first,d12c-then-d13,588905000,587144000
sign,1,17,302055432,explicit-first,d12c-then-d13,590027000,590869000
sign,1,18,302055433,legacy-first,d12c-then-d13,1015057000,1008788000
sign,1,19,302055433,explicit-first,d12c-then-d13,1012392000,1007948000
sign,1,20,302055434,legacy-first,d12c-then-d13,370155000,368414000
sign,1,21,302055434,explicit-first,d12c-then-d13,371005000,368532000
sign,1,22,302055435,legacy-first,d12c-then-d13,409157000,407756000
sign,1,23,302055435,explicit-first,d12c-then-d13,409531000,406374000
sign,1,24,302055436,legacy-first,d12c-then-d13,737005000,733335000
sign,1,25,302055436,explicit-first,d12c-then-d13,738212000,734003000
sign,1,26,302055437,legacy-first,d12c-then-d13,612895000,609591000
sign,1,27,302055437,explicit-first,d12c-then-d13,611100000,609024000
sign,1,28,302055438,legacy-first,d12c-then-d13,683492000,678109000
sign,1,29,302055438,explicit-first,d12c-then-d13,682325000,678186000
sign,2,0,302055424,legacy-first,d13-then-d12c,544414000,539698000
sign,2,1,302055424,explicit-first,d13-then-d12c,542469000,540356000
sign,2,2,302055425,legacy-first,d13-then-d12c,589309000,586094000
sign,2,3,302055425,explicit-first,d13-then-d12c,589287000,585426000
sign,2,4,302055426,legacy-first,d13-then-d12c,572162000,567037000
sign,2,5,302055426,explicit-first,d13-then-d12c,571739000,569265000
sign,2,6,302055427,legacy-first,d13-then-d12c,695756000,693307000
sign,2,7,302055427,explicit-first,d13-then-d12c,695493000,693939000
sign,2,8,302055428,legacy-first,d13-then-d12c,505138000,505231000
sign,2,9,302055428,explicit-first,d13-then-d12c,506077000,505442000
sign,2,10,302055429,legacy-first,d13-then-d12c,484132000,485357000
sign,2,11,302055429,explicit-first,d13-then-d12c,484681000,485184000
sign,2,12,302055430,legacy-first,d13-then-d12c,681278000,681733000
sign,2,13,302055430,explicit-first,d13-then-d12c,684957000,680822000
sign,2,14,302055431,legacy-first,d13-then-d12c,288922000,286837000
sign,2,15,302055431,explicit-first,d13-then-d12c,288932000,286940000
sign,2,16,302055432,legacy-first,d13-then-d12c,586983000,585023000
sign,2,17,302055432,explicit-first,d13-then-d12c,584315000,585080000
sign,2,18,302055433,legacy-first,d13-then-d12c,1011864000,1010175000
sign,2,19,302055433,explicit-first,d13-then-d12c,1012687000,1010884000
sign,2,20,302055434,legacy-first,d13-then-d12c,369990000,369129000
sign,2,21,302055434,explicit-first,d13-then-d12c,370533000,369267000
sign,2,22,302055435,legacy-first,d13-then-d12c,408003000,407806000
sign,2,23,302055435,explicit-first,d13-then-d12c,407247000,407453000
sign,2,24,302055436,legacy-first,d13-then-d12c,734428000,736062000
sign,2,25,302055436,explicit-first,d13-then-d12c,737134000,735731000
sign,2,26,302055437,legacy-first,d13-then-d12c,612100000,610147000
sign,2,27,302055437,explicit-first,d13-then-d12c,609062000,610764000
sign,2,28,302055438,legacy-first,d13-then-d12c,681178000,679641000
sign,2,29,302055438,explicit-first,d13-then-d12c,680067000,679560000
