round,order,operation,iterations,fixed_ns,mini_ns,checksum,canonical_result
0,fixed-then-mini,mul,1000,197000,470000,2447613068693546304,0000000000000000000000000000000000000000000000006ae01a673b82782464735ffb95557b7bcfe6084ae066e771951035b0affa98e65011902e6d7ef048e8f74f366a4bfa8534602a5e502a8c57bf935edc03af1bd8328301ff8ff30d0971cb181d147b60b64dcdbe0a78a4403c9e72074250dd59507acc47606834ef2d88900849a2686431508f5dbd81ba82bcf933f4a8e8e5bf1e2b803ecc5c80c7202eafce140bfc64396e9c53b4a2fbc22155473528b7ed012c7d101e61af462ba92d8f8e4c2136cd4649d1fe16afcffba29c987dfc3e02fb31
0,fixed-then-mini,div,1000,494000,1230000,8027614064300700742,000000000000000000000000000000000000000000000000000000000000000000000000000000000000000000000000000000000000000000000000000000000000000000000000000000000000000000000000000000000000000000000000000000000000000000000000000000000000000000000001146c1bceddad2d5b2541d8941fce87ff87bd9ec07d772de931555f3819d657c71ee69e9872f6107eb59a4b3a689b98d55fc77956231ed04949d10a07e103158e11815ff29f063ca3882a4c161021cfefece66a37a6158b59ba46e6e99e8ebddb:000000000000000000000000000000000000000000000000000000000000000000000000000000000000000000000000000000000000000000000000000000000000000000000000000000000000000000000000000000000000000000000000000000000000000000000000000000000000000000000000744a37cb47809f3ca10bc12e6d09e7244f3622f5640fc9875d1620b4a77e6ecf54762a0f8a10f05734e446def37dc22f91844d8b017bdcf20fe230bf8bd7890200e99fcbbabe5bce27d3ba75b2d8ce48e0f0637b93c486fe387594c343fcc672
0,fixed-then-mini,gcd,1000,92608000,41018000,1216651553921916950,000000000000000000000000000000000000000000000000000000000000000000000000000000000000000000000000000000000000000000000000000000000000000000000000000000000000000000000000000000000000000000000000000000000000000000000000000000000000000000000000000000000000000000000000000000000000000000000000000000000000000000000000000000000000000000000000000000000000000000000000000000000000000000000000000000000000000000000000000000000000000000000001
0,fixed-then-mini,invmod,1000,76922000,44810000,582249100450782574,000000000000000000000000000000000000000000000000000000000000000000000000000000000000000000000000000000000000000000000000000000000000000000000000000000000000000000000000000000000000000000000000000000000000000000000000000000000000000000000000000000000000000000000000000000000000000000000000000000000000004b62643618047fe935fbbd633c5d2355eeb036b4f48603516e336620e69b1df8bbe004806b35945b4747fecf621206ed376c270e92f191e25096015c93beaaa424
0,fixed-then-mini,sqrt,1000,5760000,6783000,10458507428752323897,000000000000000000000000000000000000000000000000000000000000000000000000000000000000000000000000000000000000000000000000000000000000000000000000000000000000000000000000000000000000000000000000000000000000000000000000000000000000000000000000e3b866267e90930119a7753412a07ad6a5009ef7d42681991370462ba4502d1af0627f6a4f63f3db12226a5362e027ea24fe3e92680a18d8a2faa1341effd06b99074829f0883f9fbbc2a8d815af1bdb0f0b0ef773102fa0074df7ba5465db4e
1,mini-then-fixed,mul,1000,195000,318000,2447613068693546304,0000000000000000000000000000000000000000000000006ae01a673b82782464735ffb95557b7bcfe6084ae066e771951035b0affa98e65011902e6d7ef048e8f74f366a4bfa8534602a5e502a8c57bf935edc03af1bd8328301ff8ff30d0971cb181d147b60b64dcdbe0a78a4403c9e72074250dd59507acc47606834ef2d88900849a2686431508f5dbd81ba82bcf933f4a8e8e5bf1e2b803ecc5c80c7202eafce140bfc64396e9c53b4a2fbc22155473528b7ed012c7d101e61af462ba92d8f8e4c2136cd4649d1fe16afcffba29c987dfc3e02fb31
1,mini-then-fixed,div,1000,581000,730000,8027614064300700742,000000000000000000000000000000000000000000000000000000000000000000000000000000000000000000000000000000000000000000000000000000000000000000000000000000000000000000000000000000000000000000000000000000000000000000000000000000000000000000000001146c1bceddad2d5b2541d8941fce87ff87bd9ec07d772de931555f3819d657c71ee69e9872f6107eb59a4b3a689b98d55fc77956231ed04949d10a07e103158e11815ff29f063ca3882a4c161021cfefece66a37a6158b59ba46e6e99e8ebddb:000000000000000000000000000000000000000000000000000000000000000000000000000000000000000000000000000000000000000000000000000000000000000000000000000000000000000000000000000000000000000000000000000000000000000000000000000000000000000000000000744a37cb47809f3ca10bc12e6d09e7244f3622f5640fc9875d1620b4a77e6ecf54762a0f8a10f05734e446def37dc22f91844d8b017bdcf20fe230bf8bd7890200e99fcbbabe5bce27d3ba75b2d8ce48e0f0637b93c486fe387594c343fcc672
1,mini-then-fixed,gcd,1000,91340000,36663000,1216651553921916950,000000000000000000000000000000000000000000000000000000000000000000000000000000000000000000000000000000000000000000000000000000000000000000000000000000000000000000000000000000000000000000000000000000000000000000000000000000000000000000000000000000000000000000000000000000000000000000000000000000000000000000000000000000000000000000000000000000000000000000000000000000000000000000000000000000000000000000000000000000000000000000000001
1,mini-then-fixed,invmod,1000,76729000,44666000,582249100450782574,000000000000000000000000000000000000000000000000000000000000000000000000000000000000000000000000000000000000000000000000000000000000000000000000000000000000000000000000000000000000000000000000000000000000000000000000000000000000000000000000000000000000000000000000000000000000000000000000000000000000004b62643618047fe935fbbd633c5d2355eeb036b4f48603516e336620e69b1df8bbe004806b35945b4747fecf621206ed376c270e92f191e25096015c93beaaa424
1,mini-then-fixed,sqrt,1000,5833000,6756000,10458507428752323897,000000000000000000000000000000000000000000000000000000000000000000000000000000000000000000000000000000000000000000000000000000000000000000000000000000000000000000000000000000000000000000000000000000000000000000000000000000000000000000000000e3b866267e90930119a7753412a07ad6a5009ef7d42681991370462ba4502d1af0627f6a4f63f3db12226a5362e027ea24fe3e92680a18d8a2faa1341effd06b99074829f0883f9fbbc2a8d815af1bdb0f0b0ef773102fa0074df7ba5465db4e
2,fixed-then-mini,mul,1000,185000,415000,2447613068693546304,0000000000000000000000000000000000000000000000006ae01a673b82782464735ffb95557b7bcfe6084ae066e771951035b0affa98e65011902e6d7ef048e8f74f366a4bfa8534602a5e502a8c57bf935edc03af1bd8328301ff8ff30d0971cb181d147b60b64dcdbe0a78a4403c9e72074250dd59507acc47606834ef2d88900849a2686431508f5dbd81ba82bcf933f4a8e8e5bf1e2b803ecc5c80c7202eafce140bfc64396e9c53b4a2fbc22155473528b7ed012c7d101e61af462ba92d8f8e4c2136cd4649d1fe16afcffba29c987dfc3e02fb31
2,fixed-then-mini,div,1000,590000,790000,8027614064300700742,000000000000000000000000000000000000000000000000000000000000000000000000000000000000000000000000000000000000000000000000000000000000000000000000000000000000000000000000000000000000000000000000000000000000000000000000000000000000000000000001146c1bceddad2d5b2541d8941fce87ff87bd9ec07d772de931555f3819d657c71ee69e9872f6107eb59a4b3a689b98d55fc77956231ed04949d10a07e103158e11815ff29f063ca3882a4c161021cfefece66a37a6158b59ba46e6e99e8ebddb:000000000000000000000000000000000000000000000000000000000000000000000000000000000000000000000000000000000000000000000000000000000000000000000000000000000000000000000000000000000000000000000000000000000000000000000000000000000000000000000000744a37cb47809f3ca10bc12e6d09e7244f3622f5640fc9875d1620b4a77e6ecf54762a0f8a10f05734e446def37dc22f91844d8b017bdcf20fe230bf8bd7890200e99fcbbabe5bce27d3ba75b2d8ce48e0f0637b93c486fe387594c343fcc672
2,fixed-then-mini,gcd,1000,90636000,36919000,1216651553921916950,000000000000000000000000000000000000000000000000000000000000000000000000000000000000000000000000000000000000000000000000000000000000000000000000000000000000000000000000000000000000000000000000000000000000000000000000000000000000000000000000000000000000000000000000000000000000000000000000000000000000000000000000000000000000000000000000000000000000000000000000000000000000000000000000000000000000000000000000000000000000000000000001
2,fixed-then-mini,invmod,1000,75970000,44407000,582249100450782574,000000000000000000000000000000000000000000000000000000000000000000000000000000000000000000000000000000000000000000000000000000000000000000000000000000000000000000000000000000000000000000000000000000000000000000000000000000000000000000000000000000000000000000000000000000000000000000000000000000000000004b62643618047fe935fbbd633c5d2355eeb036b4f48603516e336620e69b1df8bbe004806b35945b4747fecf621206ed376c270e92f191e25096015c93beaaa424
2,fixed-then-mini,sqrt,1000,6092000,6792000,10458507428752323897,000000000000000000000000000000000000000000000000000000000000000000000000000000000000000000000000000000000000000000000000000000000000000000000000000000000000000000000000000000000000000000000000000000000000000000000000000000000000000000000000e3b866267e90930119a7753412a07ad6a5009ef7d42681991370462ba4502d1af0627f6a4f63f3db12226a5362e027ea24fe3e92680a18d8a2faa1341effd06b99074829f0883f9fbbc2a8d815af1bdb0f0b0ef773102fa0074df7ba5465db4e
3,mini-then-fixed,mul,1000,186000,309000,2447613068693546304,0000000000000000000000000000000000000000000000006ae01a673b82782464735ffb95557b7bcfe6084ae066e771951035b0affa98e65011902e6d7ef048e8f74f366a4bfa8534602a5e502a8c57bf935edc03af1bd8328301ff8ff30d0971cb181d147b60b64dcdbe0a78a4403c9e72074250dd59507acc47606834ef2d88900849a2686431508f5dbd81ba82bcf933f4a8e8e5bf1e2b803ecc5c80c7202eafce140bfc64396e9c53b4a2fbc22155473528b7ed012c7d101e61af462ba92d8f8e4c2136cd4649d1fe16afcffba29c987dfc3e02fb31
3,mini-then-fixed,div,1000,567000,687000,8027614064300700742,000000000000000000000000000000000000000000000000000000000000000000000000000000000000000000000000000000000000000000000000000000000000000000000000000000000000000000000000000000000000000000000000000000000000000000000000000000000000000000000001146c1bceddad2d5b2541d8941fce87ff87bd9ec07d772de931555f3819d657c71ee69e9872f6107eb59a4b3a689b98d55fc77956231ed04949d10a07e103158e11815ff29f063ca3882a4c161021cfefece66a37a6158b59ba46e6e99e8ebddb:000000000000000000000000000000000000000000000000000000000000000000000000000000000000000000000000000000000000000000000000000000000000000000000000000000000000000000000000000000000000000000000000000000000000000000000000000000000000000000000000744a37cb47809f3ca10bc12e6d09e7244f3622f5640fc9875d1620b4a77e6ecf54762a0f8a10f05734e446def37dc22f91844d8b017bdcf20fe230bf8bd7890200e99fcbbabe5bce27d3ba75b2d8ce48e0f0637b93c486fe387594c343fcc672
3,mini-then-fixed,gcd,1000,89590000,36560000,1216651553921916950,000000000000000000000000000000000000000000000000000000000000000000000000000000000000000000000000000000000000000000000000000000000000000000000000000000000000000000000000000000000000000000000000000000000000000000000000000000000000000000000000000000000000000000000000000000000000000000000000000000000000000000000000000000000000000000000000000000000000000000000000000000000000000000000000000000000000000000000000000000000000000000000001
3,mini-then-fixed,invmod,1000,74891000,42873000,582249100450782574,000000000000000000000000000000000000000000000000000000000000000000000000000000000000000000000000000000000000000000000000000000000000000000000000000000000000000000000000000000000000000000000000000000000000000000000000000000000000000000000000000000000000000000000000000000000000000000000000000000000000004b62643618047fe935fbbd633c5d2355eeb036b4f48603516e336620e69b1df8bbe004806b35945b4747fecf621206ed376c270e92f191e25096015c93beaaa424
3,mini-then-fixed,sqrt,1000,5650000,6724000,10458507428752323897,000000000000000000000000000000000000000000000000000000000000000000000000000000000000000000000000000000000000000000000000000000000000000000000000000000000000000000000000000000000000000000000000000000000000000000000000000000000000000000000000e3b866267e90930119a7753412a07ad6a5009ef7d42681991370462ba4502d1af0627f6a4f63f3db12226a5362e027ea24fe3e92680a18d8a2faa1341effd06b99074829f0883f9fbbc2a8d815af1bdb0f0b0ef773102fa0074df7ba5465db4e
4,fixed-then-mini,mul,1000,194000,344000,2447613068693546304,0000000000000000000000000000000000000000000000006ae01a673b82782464735ffb95557b7bcfe6084ae066e771951035b0affa98e65011902e6d7ef048e8f74f366a4bfa8534602a5e502a8c57bf935edc03af1bd8328301ff8ff30d0971cb181d147b60b64dcdbe0a78a4403c9e72074250dd59507acc47606834ef2d88900849a2686431508f5dbd81ba82bcf933f4a8e8e5bf1e2b803ecc5c80c7202eafce140bfc64396e9c53b4a2fbc22155473528b7ed012c7d101e61af462ba92d8f8e4c2136cd4649d1fe16afcffba29c987dfc3e02fb31
4,fixed-then-mini,div,1000,583000,790000,8027614064300700742,000000000000000000000000000000000000000000000000000000000000000000000000000000000000000000000000000000000000000000000000000000000000000000000000000000000000000000000000000000000000000000000000000000000000000000000000000000000000000000000001146c1bceddad2d5b2541d8941fce87ff87bd9ec07d772de931555f3819d657c71ee69e9872f6107eb59a4b3a689b98d55fc77956231ed04949d10a07e103158e11815ff29f063ca3882a4c161021cfefece66a37a6158b59ba46e6e99e8ebddb:000000000000000000000000000000000000000000000000000000000000000000000000000000000000000000000000000000000000000000000000000000000000000000000000000000000000000000000000000000000000000000000000000000000000000000000000000000000000000000000000744a37cb47809f3ca10bc12e6d09e7244f3622f5640fc9875d1620b4a77e6ecf54762a0f8a10f05734e446def37dc22f91844d8b017bdcf20fe230bf8bd7890200e99fcbbabe5bce27d3ba75b2d8ce48e0f0637b93c486fe387594c343fcc672
4,fixed-then-mini,gcd,1000,90565000,36433000,1216651553921916950,000000000000000000000000000000000000000000000000000000000000000000000000000000000000000000000000000000000000000000000000000000000000000000000000000000000000000000000000000000000000000000000000000000000000000000000000000000000000000000000000000000000000000000000000000000000000000000000000000000000000000000000000000000000000000000000000000000000000000000000000000000000000000000000000000000000000000000000000000000000000000000000001
4,fixed-then-mini,invmod,1000,75569000,43697000,582249100450782574,000000000000000000000000000000000000000000000000000000000000000000000000000000000000000000000000000000000000000000000000000000000000000000000000000000000000000000000000000000000000000000000000000000000000000000000000000000000000000000000000000000000000000000000000000000000000000000000000000000000000004b62643618047fe935fbbd633c5d2355eeb036b4f48603516e336620e69b1df8bbe004806b35945b4747fecf621206ed376c270e92f191e25096015c93beaaa424
4,fixed-then-mini,sqrt,1000,5825000,6707000,10458507428752323897,000000000000000000000000000000000000000000000000000000000000000000000000000000000000000000000000000000000000000000000000000000000000000000000000000000000000000000000000000000000000000000000000000000000000000000000000000000000000000000000000e3b866267e90930119a7753412a07ad6a5009ef7d42681991370462ba4502d1af0627f6a4f63f3db12226a5362e027ea24fe3e92680a18d8a2faa1341effd06b99074829f0883f9fbbc2a8d815af1bdb0f0b0ef773102fa0074df7ba5465db4e
5,mini-then-fixed,mul,1000,185000,316000,2447613068693546304,0000000000000000000000000000000000000000000000006ae01a673b82782464735ffb95557b7bcfe6084ae066e771951035b0affa98e65011902e6d7ef048e8f74f366a4bfa8534602a5e502a8c57bf935edc03af1bd8328301ff8ff30d0971cb181d147b60b64dcdbe0a78a4403c9e72074250dd59507acc47606834ef2d88900849a2686431508f5dbd81ba82bcf933f4a8e8e5bf1e2b803ecc5c80c7202eafce140bfc64396e9c53b4a2fbc22155473528b7ed012c7d101e61af462ba92d8f8e4c2136cd4649d1fe16afcffba29c987dfc3e02fb31
5,mini-then-fixed,div,1000,586000,690000,8027614064300700742,000000000000000000000000000000000000000000000000000000000000000000000000000000000000000000000000000000000000000000000000000000000000000000000000000000000000000000000000000000000000000000000000000000000000000000000000000000000000000000000001146c1bceddad2d5b2541d8941fce87ff87bd9ec07d772de931555f3819d657c71ee69e9872f6107eb59a4b3a689b98d55fc77956231ed04949d10a07e103158e11815ff29f063ca3882a4c161021cfefece66a37a6158b59ba46e6e99e8ebddb:000000000000000000000000000000000000000000000000000000000000000000000000000000000000000000000000000000000000000000000000000000000000000000000000000000000000000000000000000000000000000000000000000000000000000000000000000000000000000000000000744a37cb47809f3ca10bc12e6d09e7244f3622f5640fc9875d1620b4a77e6ecf54762a0f8a10f05734e446def37dc22f91844d8b017bdcf20fe230bf8bd7890200e99fcbbabe5bce27d3ba75b2d8ce48e0f0637b93c486fe387594c343fcc672
5,mini-then-fixed,gcd,1000,89556000,36641000,1216651553921916950,000000000000000000000000000000000000000000000000000000000000000000000000000000000000000000000000000000000000000000000000000000000000000000000000000000000000000000000000000000000000000000000000000000000000000000000000000000000000000000000000000000000000000000000000000000000000000000000000000000000000000000000000000000000000000000000000000000000000000000000000000000000000000000000000000000000000000000000000000000000000000000000001
5,mini-then-fixed,invmod,1000,74035000,43810000,582249100450782574,000000000000000000000000000000000000000000000000000000000000000000000000000000000000000000000000000000000000000000000000000000000000000000000000000000000000000000000000000000000000000000000000000000000000000000000000000000000000000000000000000000000000000000000000000000000000000000000000000000000000004b62643618047fe935fbbd633c5d2355eeb036b4f48603516e336620e69b1df8bbe004806b35945b4747fecf621206ed376c270e92f191e25096015c93beaaa424
5,mini-then-fixed,sqrt,1000,5888000,6853000,10458507428752323897,000000000000000000000000000000000000000000000000000000000000000000000000000000000000000000000000000000000000000000000000000000000000000000000000000000000000000000000000000000000000000000000000000000000000000000000000000000000000000000000000e3b866267e90930119a7753412a07ad6a5009ef7d42681991370462ba4502d1af0627f6a4f63f3db12226a5362e027ea24fe3e92680a18d8a2faa1341effd06b99074829f0883f9fbbc2a8d815af1bdb0f0b0ef773102fa0074df7ba5465db4e
6,fixed-then-mini,mul,1000,186000,318000,2447613068693546304,0000000000000000000000000000000000000000000000006ae01a673b82782464735ffb95557b7bcfe6084ae066e771951035b0affa98e65011902e6d7ef048e8f74f366a4bfa8534602a5e502a8c57bf935edc03af1bd8328301ff8ff30d0971cb181d147b60b64dcdbe0a78a4403c9e72074250dd59507acc47606834ef2d88900849a2686431508f5dbd81ba82bcf933f4a8e8e5bf1e2b803ecc5c80c7202eafce140bfc64396e9c53b4a2fbc22155473528b7ed012c7d101e61af462ba92d8f8e4c2136cd4649d1fe16afcffba29c987dfc3e02fb31
6,fixed-then-mini,div,1000,582000,688000,8027614064300700742,000000000000000000000000000000000000000000000000000000000000000000000000000000000000000000000000000000000000000000000000000000000000000000000000000000000000000000000000000000000000000000000000000000000000000000000000000000000000000000000001146c1bceddad2d5b2541d8941fce87ff87bd9ec07d772de931555f3819d657c71ee69e9872f6107eb59a4b3a689b98d55fc77956231ed04949d10a07e103158e11815ff29f063ca3882a4c161021cfefece66a37a6158b59ba46e6e99e8ebddb:000000000000000000000000000000000000000000000000000000000000000000000000000000000000000000000000000000000000000000000000000000000000000000000000000000000000000000000000000000000000000000000000000000000000000000000000000000000000000000000000744a37cb47809f3ca10bc12e6d09e7244f3622f5640fc9875d1620b4a77e6ecf54762a0f8a10f05734e446def37dc22f91844d8b017bdcf20fe230bf8bd7890200e99fcbbabe5bce27d3ba75b2d8ce48e0f0637b93c486fe387594c343fcc672
6,fixed-then-mini,gcd,1000,90721000,36121000,1216651553921916950,000000000000000000000000000000000000000000000000000000000000000000000000000000000000000000000000000000000000000000000000000000000000000000000000000000000000000000000000000000000000000000000000000000000000000000000000000000000000000000000000000000000000000000000000000000000000000000000000000000000000000000000000000000000000000000000000000000000000000000000000000000000000000000000000000000000000000000000000000000000000000000000001
6,fixed-then-mini,invmod,1000,75909000,42749000,582249100450782574,000000000000000000000000000000000000000000000000000000000000000000000000000000000000000000000000000000000000000000000000000000000000000000000000000000000000000000000000000000000000000000000000000000000000000000000000000000000000000000000000000000000000000000000000000000000000000000000000000000000000004b62643618047fe935fbbd633c5d2355eeb036b4f48603516e336620e69b1df8bbe004806b35945b4747fecf621206ed376c270e92f191e25096015c93beaaa424
6,fixed-then-mini,sqrt,1000,5679000,6635000,10458507428752323897,000000000000000000000000000000000000000000000000000000000000000000000000000000000000000000000000000000000000000000000000000000000000000000000000000000000000000000000000000000000000000000000000000000000000000000000000000000000000000000000000e3b866267e90930119a7753412a07ad6a5009ef7d42681991370462ba4502d1af0627f6a4f63f3db12226a5362e027ea24fe3e92680a18d8a2faa1341effd06b99074829f0883f9fbbc2a8d815af1bdb0f0b0ef773102fa0074df7ba5465db4e
7,mini-then-fixed,mul,1000,186000,320000,2447613068693546304,0000000000000000000000000000000000000000000000006ae01a673b82782464735ffb95557b7bcfe6084ae066e771951035b0affa98e65011902e6d7ef048e8f74f366a4bfa8534602a5e502a8c57bf935edc03af1bd8328301ff8ff30d0971cb181d147b60b64dcdbe0a78a4403c9e72074250dd59507acc47606834ef2d88900849a2686431508f5dbd81ba82bcf933f4a8e8e5bf1e2b803ecc5c80c7202eafce140bfc64396e9c53b4a2fbc22155473528b7ed012c7d101e61af462ba92d8f8e4c2136cd4649d1fe16afcffba29c987dfc3e02fb31
7,mini-then-fixed,div,1000,586000,685000,8027614064300700742,000000000000000000000000000000000000000000000000000000000000000000000000000000000000000000000000000000000000000000000000000000000000000000000000000000000000000000000000000000000000000000000000000000000000000000000000000000000000000000000001146c1bceddad2d5b2541d8941fce87ff87bd9ec07d772de931555f3819d657c71ee69e9872f6107eb59a4b3a689b98d55fc77956231ed04949d10a07e103158e11815ff29f063ca3882a4c161021cfefece66a37a6158b59ba46e6e99e8ebddb:000000000000000000000000000000000000000000000000000000000000000000000000000000000000000000000000000000000000000000000000000000000000000000000000000000000000000000000000000000000000000000000000000000000000000000000000000000000000000000000000744a37cb47809f3ca10bc12e6d09e7244f3622f5640fc9875d1620b4a77e6ecf54762a0f8a10f05734e446def37dc22f91844d8b017bdcf20fe230bf8bd7890200e99fcbbabe5bce27d3ba75b2d8ce48e0f0637b93c486fe387594c343fcc672
7,mini-then-fixed,gcd,1000,89475000,35835000,1216651553921916950,000000000000000000000000000000000000000000000000000000000000000000000000000000000000000000000000000000000000000000000000000000000000000000000000000000000000000000000000000000000000000000000000000000000000000000000000000000000000000000000000000000000000000000000000000000000000000000000000000000000000000000000000000000000000000000000000000000000000000000000000000000000000000000000000000000000000000000000000000000000000000000000001
7,mini-then-fixed,invmod,1000,75182000,43158000,582249100450782574,000000000000000000000000000000000000000000000000000000000000000000000000000000000000000000000000000000000000000000000000000000000000000000000000000000000000000000000000000000000000000000000000000000000000000000000000000000000000000000000000000000000000000000000000000000000000000000000000000000000000004b62643618047fe935fbbd633c5d2355eeb036b4f48603516e336620e69b1df8bbe004806b35945b4747fecf621206ed376c270e92f191e25096015c93beaaa424
7,mini-then-fixed,sqrt,1000,5664000,6661000,10458507428752323897,000000000000000000000000000000000000000000000000000000000000000000000000000000000000000000000000000000000000000000000000000000000000000000000000000000000000000000000000000000000000000000000000000000000000000000000000000000000000000000000000e3b866267e90930119a7753412a07ad6a5009ef7d42681991370462ba4502d1af0627f6a4f63f3db12226a5362e027ea24fe3e92680a18d8a2faa1341effd06b99074829f0883f9fbbc2a8d815af1bdb0f0b0ef773102fa0074df7ba5465db4e
8,fixed-then-mini,mul,1000,188000,334000,2447613068693546304,0000000000000000000000000000000000000000000000006ae01a673b82782464735ffb95557b7bcfe6084ae066e771951035b0affa98e65011902e6d7ef048e8f74f366a4bfa8534602a5e502a8c57bf935edc03af1bd8328301ff8ff30d0971cb181d147b60b64dcdbe0a78a4403c9e72074250dd59507acc47606834ef2d88900849a2686431508f5dbd81ba82bcf933f4a8e8e5bf1e2b803ecc5c80c7202eafce140bfc64396e9c53b4a2fbc22155473528b7ed012c7d101e61af462ba92d8f8e4c2136cd4649d1fe16afcffba29c987dfc3e02fb31
8,fixed-then-mini,div,1000,585000,690000,8027614064300700742,000000000000000000000000000000000000000000000000000000000000000000000000000000000000000000000000000000000000000000000000000000000000000000000000000000000000000000000000000000000000000000000000000000000000000000000000000000000000000000000001146c1bceddad2d5b2541d8941fce87ff87bd9ec07d772de931555f3819d657c71ee69e9872f6107eb59a4b3a689b98d55fc77956231ed04949d10a07e103158e11815ff29f063ca3882a4c161021cfefece66a37a6158b59ba46e6e99e8ebddb:000000000000000000000000000000000000000000000000000000000000000000000000000000000000000000000000000000000000000000000000000000000000000000000000000000000000000000000000000000000000000000000000000000000000000000000000000000000000000000000000744a37cb47809f3ca10bc12e6d09e7244f3622f5640fc9875d1620b4a77e6ecf54762a0f8a10f05734e446def37dc22f91844d8b017bdcf20fe230bf8bd7890200e99fcbbabe5bce27d3ba75b2d8ce48e0f0637b93c486fe387594c343fcc672
8,fixed-then-mini,gcd,1000,89727000,35765000,1216651553921916950,000000000000000000000000000000000000000000000000000000000000000000000000000000000000000000000000000000000000000000000000000000000000000000000000000000000000000000000000000000000000000000000000000000000000000000000000000000000000000000000000000000000000000000000000000000000000000000000000000000000000000000000000000000000000000000000000000000000000000000000000000000000000000000000000000000000000000000000000000000000000000000000001
8,fixed-then-mini,invmod,1000,74277000,43048000,582249100450782574,000000000000000000000000000000000000000000000000000000000000000000000000000000000000000000000000000000000000000000000000000000000000000000000000000000000000000000000000000000000000000000000000000000000000000000000000000000000000000000000000000000000000000000000000000000000000000000000000000000000000004b62643618047fe935fbbd633c5d2355eeb036b4f48603516e336620e69b1df8bbe004806b35945b4747fecf621206ed376c270e92f191e25096015c93beaaa424
8,fixed-then-mini,sqrt,1000,5662000,6638000,10458507428752323897,000000000000000000000000000000000000000000000000000000000000000000000000000000000000000000000000000000000000000000000000000000000000000000000000000000000000000000000000000000000000000000000000000000000000000000000000000000000000000000000000e3b866267e90930119a7753412a07ad6a5009ef7d42681991370462ba4502d1af0627f6a4f63f3db12226a5362e027ea24fe3e92680a18d8a2faa1341effd06b99074829f0883f9fbbc2a8d815af1bdb0f0b0ef773102fa0074df7ba5465db4e
9,mini-then-fixed,mul,1000,185000,310000,2447613068693546304,0000000000000000000000000000000000000000000000006ae01a673b82782464735ffb95557b7bcfe6084ae066e771951035b0affa98e65011902e6d7ef048e8f74f366a4bfa8534602a5e502a8c57bf935edc03af1bd8328301ff8ff30d0971cb181d147b60b64dcdbe0a78a4403c9e72074250dd59507acc47606834ef2d88900849a2686431508f5dbd81ba82bcf933f4a8e8e5bf1e2b803ecc5c80c7202eafce140bfc64396e9c53b4a2fbc22155473528b7ed012c7d101e61af462ba92d8f8e4c2136cd4649d1fe16afcffba29c987dfc3e02fb31
9,mini-then-fixed,div,1000,582000,688000,8027614064300700742,000000000000000000000000000000000000000000000000000000000000000000000000000000000000000000000000000000000000000000000000000000000000000000000000000000000000000000000000000000000000000000000000000000000000000000000000000000000000000000000001146c1bceddad2d5b2541d8941fce87ff87bd9ec07d772de931555f3819d657c71ee69e9872f6107eb59a4b3a689b98d55fc77956231ed04949d10a07e103158e11815ff29f063ca3882a4c161021cfefece66a37a6158b59ba46e6e99e8ebddb:000000000000000000000000000000000000000000000000000000000000000000000000000000000000000000000000000000000000000000000000000000000000000000000000000000000000000000000000000000000000000000000000000000000000000000000000000000000000000000000000744a37cb47809f3ca10bc12e6d09e7244f3622f5640fc9875d1620b4a77e6ecf54762a0f8a10f05734e446def37dc22f91844d8b017bdcf20fe230bf8bd7890200e99fcbbabe5bce27d3ba75b2d8ce48e0f0637b93c486fe387594c343fcc672
9,mini-then-fixed,gcd,1000,89186000,35818000,1216651553921916950,000000000000000000000000000000000000000000000000000000000000000000000000000000000000000000000000000000000000000000000000000000000000000000000000000000000000000000000000000000000000000000000000000000000000000000000000000000000000000000000000000000000000000000000000000000000000000000000000000000000000000000000000000000000000000000000000000000000000000000000000000000000000000000000000000000000000000000000000000000000000000000000001
9,mini-then-fixed,invmod,1000,73916000,41667000,582249100450782574,000000000000000000000000000000000000000000000000000000000000000000000000000000000000000000000000000000000000000000000000000000000000000000000000000000000000000000000000000000000000000000000000000000000000000000000000000000000000000000000000000000000000000000000000000000000000000000000000000000000000004b62643618047fe935fbbd633c5d2355eeb036b4f48603516e336620e69b1df8bbe004806b35945b4747fecf621206ed376c270e92f191e25096015c93beaaa424
9,mini-then-fixed,sqrt,1000,5623000,6644000,10458507428752323897,000000000000000000000000000000000000000000000000000000000000000000000000000000000000000000000000000000000000000000000000000000000000000000000000000000000000000000000000000000000000000000000000000000000000000000000000000000000000000000000000e3b866267e90930119a7753412a07ad6a5009ef7d42681991370462ba4502d1af0627f6a4f63f3db12226a5362e027ea24fe3e92680a18d8a2faa1341effd06b99074829f0883f9fbbc2a8d815af1bdb0f0b0ef773102fa0074df7ba5465db4e
10,fixed-then-mini,mul,1000,185000,320000,2447613068693546304,0000000000000000000000000000000000000000000000006ae01a673b82782464735ffb95557b7bcfe6084ae066e771951035b0affa98e65011902e6d7ef048e8f74f366a4bfa8534602a5e502a8c57bf935edc03af1bd8328301ff8ff30d0971cb181d147b60b64dcdbe0a78a4403c9e72074250dd59507acc47606834ef2d88900849a2686431508f5dbd81ba82bcf933f4a8e8e5bf1e2b803ecc5c80c7202eafce140bfc64396e9c53b4a2fbc22155473528b7ed012c7d101e61af462ba92d8f8e4c2136cd4649d1fe16afcffba29c987dfc3e02fb31
10,fixed-then-mini,div,1000,588000,712000,8027614064300700742,000000000000000000000000000000000000000000000000000000000000000000000000000000000000000000000000000000000000000000000000000000000000000000000000000000000000000000000000000000000000000000000000000000000000000000000000000000000000000000000001146c1bceddad2d5b2541d8941fce87ff87bd9ec07d772de931555f3819d657c71ee69e9872f6107eb59a4b3a689b98d55fc77956231ed04949d10a07e103158e11815ff29f063ca3882a4c161021cfefece66a37a6158b59ba46e6e99e8ebddb:000000000000000000000000000000000000000000000000000000000000000000000000000000000000000000000000000000000000000000000000000000000000000000000000000000000000000000000000000000000000000000000000000000000000000000000000000000000000000000000000744a37cb47809f3ca10bc12e6d09e7244f3622f5640fc9875d1620b4a77e6ecf54762a0f8a10f05734e446def37dc22f91844d8b017bdcf20fe230bf8bd7890200e99fcbbabe5bce27d3ba75b2d8ce48e0f0637b93c486fe387594c343fcc672
10,fixed-then-mini,gcd,1000,88681000,35836000,1216651553921916950,000000000000000000000000000000000000000000000000000000000000000000000000000000000000000000000000000000000000000000000000000000000000000000000000000000000000000000000000000000000000000000000000000000000000000000000000000000000000000000000000000000000000000000000000000000000000000000000000000000000000000000000000000000000000000000000000000000000000000000000000000000000000000000000000000000000000000000000000000000000000000000000001
10,fixed-then-mini,invmod,1000,73848000,43750000,582249100450782574,000000000000000000000000000000000000000000000000000000000000000000000000000000000000000000000000000000000000000000000000000000000000000000000000000000000000000000000000000000000000000000000000000000000000000000000000000000000000000000000000000000000000000000000000000000000000000000000000000000000000004b62643618047fe935fbbd633c5d2355eeb036b4f48603516e336620e69b1df8bbe004806b35945b4747fecf621206ed376c270e92f191e25096015c93beaaa424
10,fixed-then-mini,sqrt,1000,5687000,6748000,10458507428752323897,000000000000000000000000000000000000000000000000000000000000000000000000000000000000000000000000000000000000000000000000000000000000000000000000000000000000000000000000000000000000000000000000000000000000000000000000000000000000000000000000e3b866267e90930119a7753412a07ad6a5009ef7d42681991370462ba4502d1af0627f6a4f63f3db12226a5362e027ea24fe3e92680a18d8a2faa1341effd06b99074829f0883f9fbbc2a8d815af1bdb0f0b0ef773102fa0074df7ba5465db4e
11,mini-then-fixed,mul,1000,184000,311000,2447613068693546304,0000000000000000000000000000000000000000000000006ae01a673b82782464735ffb95557b7bcfe6084ae066e771951035b0affa98e65011902e6d7ef048e8f74f366a4bfa8534602a5e502a8c57bf935edc03af1bd8328301ff8ff30d0971cb181d147b60b64dcdbe0a78a4403c9e72074250dd59507acc47606834ef2d88900849a2686431508f5dbd81ba82bcf933f4a8e8e5bf1e2b803ecc5c80c7202eafce140bfc64396e9c53b4a2fbc22155473528b7ed012c7d101e61af462ba92d8f8e4c2136cd4649d1fe16afcffba29c987dfc3e02fb31
11,mini-then-fixed,div,1000,587000,693000,8027614064300700742,000000000000000000000000000000000000000000000000000000000000000000000000000000000000000000000000000000000000000000000000000000000000000000000000000000000000000000000000000000000000000000000000000000000000000000000000000000000000000000000001146c1bceddad2d5b2541d8941fce87ff87bd9ec07d772de931555f3819d657c71ee69e9872f6107eb59a4b3a689b98d55fc77956231ed04949d10a07e103158e11815ff29f063ca3882a4c161021cfefece66a37a6158b59ba46e6e99e8ebddb:000000000000000000000000000000000000000000000000000000000000000000000000000000000000000000000000000000000000000000000000000000000000000000000000000000000000000000000000000000000000000000000000000000000000000000000000000000000000000000000000744a37cb47809f3ca10bc12e6d09e7244f3622f5640fc9875d1620b4a77e6ecf54762a0f8a10f05734e446def37dc22f91844d8b017bdcf20fe230bf8bd7890200e99fcbbabe5bce27d3ba75b2d8ce48e0f0637b93c486fe387594c343fcc672
11,mini-then-fixed,gcd,1000,89855000,36095000,1216651553921916950,000000000000000000000000000000000000000000000000000000000000000000000000000000000000000000000000000000000000000000000000000000000000000000000000000000000000000000000000000000000000000000000000000000000000000000000000000000000000000000000000000000000000000000000000000000000000000000000000000000000000000000000000000000000000000000000000000000000000000000000000000000000000000000000000000000000000000000000000000000000000000000000001
11,mini-then-fixed,invmod,1000,74151000,42880000,582249100450782574,000000000000000000000000000000000000000000000000000000000000000000000000000000000000000000000000000000000000000000000000000000000000000000000000000000000000000000000000000000000000000000000000000000000000000000000000000000000000000000000000000000000000000000000000000000000000000000000000000000000000004b62643618047fe935fbbd633c5d2355eeb036b4f48603516e336620e69b1df8bbe004806b35945b4747fecf621206ed376c270e92f191e25096015c93beaaa424
11,mini-then-fixed,sqrt,1000,5703000,6677000,10458507428752323897,000000000000000000000000000000000000000000000000000000000000000000000000000000000000000000000000000000000000000000000000000000000000000000000000000000000000000000000000000000000000000000000000000000000000000000000000000000000000000000000000e3b866267e90930119a7753412a07ad6a5009ef7d42681991370462ba4502d1af0627f6a4f63f3db12226a5362e027ea24fe3e92680a18d8a2faa1341effd06b99074829f0883f9fbbc2a8d815af1bdb0f0b0ef773102fa0074df7ba5465db4e
12,fixed-then-mini,mul,1000,201000,331000,2447613068693546304,0000000000000000000000000000000000000000000000006ae01a673b82782464735ffb95557b7bcfe6084ae066e771951035b0affa98e65011902e6d7ef048e8f74f366a4bfa8534602a5e502a8c57bf935edc03af1bd8328301ff8ff30d0971cb181d147b60b64dcdbe0a78a4403c9e72074250dd59507acc47606834ef2d88900849a2686431508f5dbd81ba82bcf933f4a8e8e5bf1e2b803ecc5c80c7202eafce140bfc64396e9c53b4a2fbc22155473528b7ed012c7d101e61af462ba92d8f8e4c2136cd4649d1fe16afcffba29c987dfc3e02fb31
12,fixed-then-mini,div,1000,574000,680000,8027614064300700742,000000000000000000000000000000000000000000000000000000000000000000000000000000000000000000000000000000000000000000000000000000000000000000000000000000000000000000000000000000000000000000000000000000000000000000000000000000000000000000000001146c1bceddad2d5b2541d8941fce87ff87bd9ec07d772de931555f3819d657c71ee69e9872f6107eb59a4b3a689b98d55fc77956231ed04949d10a07e103158e11815ff29f063ca3882a4c161021cfefece66a37a6158b59ba46e6e99e8ebddb:000000000000000000000000000000000000000000000000000000000000000000000000000000000000000000000000000000000000000000000000000000000000000000000000000000000000000000000000000000000000000000000000000000000000000000000000000000000000000000000000744a37cb47809f3ca10bc12e6d09e7244f3622f5640fc9875d1620b4a77e6ecf54762a0f8a10f05734e446def37dc22f91844d8b017bdcf20fe230bf8bd7890200e99fcbbabe5bce27d3ba75b2d8ce48e0f0637b93c486fe387594c343fcc672
12,fixed-then-mini,gcd,1000,89329000,35644000,1216651553921916950,000000000000000000000000000000000000000000000000000000000000000000000000000000000000000000000000000000000000000000000000000000000000000000000000000000000000000000000000000000000000000000000000000000000000000000000000000000000000000000000000000000000000000000000000000000000000000000000000000000000000000000000000000000000000000000000000000000000000000000000000000000000000000000000000000000000000000000000000000000000000000000000001
12,fixed-then-mini,invmod,1000,75249000,42466000,582249100450782574,000000000000000000000000000000000000000000000000000000000000000000000000000000000000000000000000000000000000000000000000000000000000000000000000000000000000000000000000000000000000000000000000000000000000000000000000000000000000000000000000000000000000000000000000000000000000000000000000000000000000004b62643618047fe935fbbd633c5d2355eeb036b4f48603516e336620e69b1df8bbe004806b35945b4747fecf621206ed376c270e92f191e25096015c93beaaa424
12,fixed-then-mini,sqrt,1000,5735000,6718000,10458507428752323897,000000000000000000000000000000000000000000000000000000000000000000000000000000000000000000000000000000000000000000000000000000000000000000000000000000000000000000000000000000000000000000000000000000000000000000000000000000000000000000000000e3b866267e90930119a7753412a07ad6a5009ef7d42681991370462ba4502d1af0627f6a4f63f3db12226a5362e027ea24fe3e92680a18d8a2faa1341effd06b99074829f0883f9fbbc2a8d815af1bdb0f0b0ef773102fa0074df7ba5465db4e
13,mini-then-fixed,mul,1000,185000,319000,2447613068693546304,0000000000000000000000000000000000000000000000006ae01a673b82782464735ffb95557b7bcfe6084ae066e771951035b0affa98e65011902e6d7ef048e8f74f366a4bfa8534602a5e502a8c57bf935edc03af1bd8328301ff8ff30d0971cb181d147b60b64dcdbe0a78a4403c9e72074250dd59507acc47606834ef2d88900849a2686431508f5dbd81ba82bcf933f4a8e8e5bf1e2b803ecc5c80c7202eafce140bfc64396e9c53b4a2fbc22155473528b7ed012c7d101e61af462ba92d8f8e4c2136cd4649d1fe16afcffba29c987dfc3e02fb31
13,mini-then-fixed,div,1000,586000,693000,8027614064300700742,000000000000000000000000000000000000000000000000000000000000000000000000000000000000000000000000000000000000000000000000000000000000000000000000000000000000000000000000000000000000000000000000000000000000000000000000000000000000000000000001146c1bceddad2d5b2541d8941fce87ff87bd9ec07d772de931555f3819d657c71ee69e9872f6107eb59a4b3a689b98d55fc77956231ed04949d10a07e103158e11815ff29f063ca3882a4c161021cfefece66a37a6158b59ba46e6e99e8ebddb:000000000000000000000000000000000000000000000000000000000000000000000000000000000000000000000000000000000000000000000000000000000000000000000000000000000000000000000000000000000000000000000000000000000000000000000000000000000000000000000000744a37cb47809f3ca10bc12e6d09e7244f3622f5640fc9875d1620b4a77e6ecf54762a0f8a10f05734e446def37dc22f91844d8b017bdcf20fe230bf8bd7890200e99fcbbabe5bce27d3ba75b2d8ce48e0f0637b93c486fe387594c343fcc672
13,mini-then-fixed,gcd,1000,89213000,35797000,1216651553921916950,000000000000000000000000000000000000000000000000000000000000000000000000000000000000000000000000000000000000000000000000000000000000000000000000000000000000000000000000000000000000000000000000000000000000000000000000000000000000000000000000000000000000000000000000000000000000000000000000000000000000000000000000000000000000000000000000000000000000000000000000000000000000000000000000000000000000000000000000000000000000000000000001
13,mini-then-fixed,invmod,1000,74211000,42616000,582249100450782574,000000000000000000000000000000000000000000000000000000000000000000000000000000000000000000000000000000000000000000000000000000000000000000000000000000000000000000000000000000000000000000000000000000000000000000000000000000000000000000000000000000000000000000000000000000000000000000000000000000000000004b62643618047fe935fbbd633c5d2355eeb036b4f48603516e336620e69b1df8bbe004806b35945b4747fecf621206ed376c270e92f191e25096015c93beaaa424
13,mini-then-fixed,sqrt,1000,5635000,6788000,10458507428752323897,000000000000000000000000000000000000000000000000000000000000000000000000000000000000000000000000000000000000000000000000000000000000000000000000000000000000000000000000000000000000000000000000000000000000000000000000000000000000000000000000e3b866267e90930119a7753412a07ad6a5009ef7d42681991370462ba4502d1af0627f6a4f63f3db12226a5362e027ea24fe3e92680a18d8a2faa1341effd06b99074829f0883f9fbbc2a8d815af1bdb0f0b0ef773102fa0074df7ba5465db4e
14,fixed-then-mini,mul,1000,184000,322000,2447613068693546304,0000000000000000000000000000000000000000000000006ae01a673b82782464735ffb95557b7bcfe6084ae066e771951035b0affa98e65011902e6d7ef048e8f74f366a4bfa8534602a5e502a8c57bf935edc03af1bd8328301ff8ff30d0971cb181d147b60b64dcdbe0a78a4403c9e72074250dd59507acc47606834ef2d88900849a2686431508f5dbd81ba82bcf933f4a8e8e5bf1e2b803ecc5c80c7202eafce140bfc64396e9c53b4a2fbc22155473528b7ed012c7d101e61af462ba92d8f8e4c2136cd4649d1fe16afcffba29c987dfc3e02fb31
14,fixed-then-mini,div,1000,586000,689000,8027614064300700742,000000000000000000000000000000000000000000000000000000000000000000000000000000000000000000000000000000000000000000000000000000000000000000000000000000000000000000000000000000000000000000000000000000000000000000000000000000000000000000000001146c1bceddad2d5b2541d8941fce87ff87bd9ec07d772de931555f3819d657c71ee69e9872f6107eb59a4b3a689b98d55fc77956231ed04949d10a07e103158e11815ff29f063ca3882a4c161021cfefece66a37a6158b59ba46e6e99e8ebddb:000000000000000000000000000000000000000000000000000000000000000000000000000000000000000000000000000000000000000000000000000000000000000000000000000000000000000000000000000000000000000000000000000000000000000000000000000000000000000000000000744a37cb47809f3ca10bc12e6d09e7244f3622f5640fc9875d1620b4a77e6ecf54762a0f8a10f05734e446def37dc22f91844d8b017bdcf20fe230bf8bd7890200e99fcbbabe5bce27d3ba75b2d8ce48e0f0637b93c486fe387594c343fcc672
14,fixed-then-mini,gcd,1000,88405000,35753000,1216651553921916950,000000000000000000000000000000000000000000000000000000000000000000000000000000000000000000000000000000000000000000000000000000000000000000000000000000000000000000000000000000000000000000000000000000000000000000000000000000000000000000000000000000000000000000000000000000000000000000000000000000000000000000000000000000000000000000000000000000000000000000000000000000000000000000000000000000000000000000000000000000000000000000000001
14,fixed-then-mini,invmod,1000,73705000,42161000,582249100450782574,000000000000000000000000000000000000000000000000000000000000000000000000000000000000000000000000000000000000000000000000000000000000000000000000000000000000000000000000000000000000000000000000000000000000000000000000000000000000000000000000000000000000000000000000000000000000000000000000000000000000004b62643618047fe935fbbd633c5d2355eeb036b4f48603516e336620e69b1df8bbe004806b35945b4747fecf621206ed376c270e92f191e25096015c93beaaa424
14,fixed-then-mini,sqrt,1000,5617000,6688000,10458507428752323897,000000000000000000000000000000000000000000000000000000000000000000000000000000000000000000000000000000000000000000000000000000000000000000000000000000000000000000000000000000000000000000000000000000000000000000000000000000000000000000000000e3b866267e90930119a7753412a07ad6a5009ef7d42681991370462ba4502d1af0627f6a4f63f3db12226a5362e027ea24fe3e92680a18d8a2faa1341effd06b99074829f0883f9fbbc2a8d815af1bdb0f0b0ef773102fa0074df7ba5465db4e
15,mini-then-fixed,mul,1000,186000,311000,2447613068693546304,0000000000000000000000000000000000000000000000006ae01a673b82782464735ffb95557b7bcfe6084ae066e771951035b0affa98e65011902e6d7ef048e8f74f366a4bfa8534602a5e502a8c57bf935edc03af1bd8328301ff8ff30d0971cb181d147b60b64dcdbe0a78a4403c9e72074250dd59507acc47606834ef2d88900849a2686431508f5dbd81ba82bcf933f4a8e8e5bf1e2b803ecc5c80c7202eafce140bfc64396e9c53b4a2fbc22155473528b7ed012c7d101e61af462ba92d8f8e4c2136cd4649d1fe16afcffba29c987dfc3e02fb31
15,mini-then-fixed,div,1000,585000,682000,8027614064300700742,000000000000000000000000000000000000000000000000000000000000000000000000000000000000000000000000000000000000000000000000000000000000000000000000000000000000000000000000000000000000000000000000000000000000000000000000000000000000000000000001146c1bceddad2d5b2541d8941fce87ff87bd9ec07d772de931555f3819d657c71ee69e9872f6107eb59a4b3a689b98d55fc77956231ed04949d10a07e103158e11815ff29f063ca3882a4c161021cfefece66a37a6158b59ba46e6e99e8ebddb:000000000000000000000000000000000000000000000000000000000000000000000000000000000000000000000000000000000000000000000000000000000000000000000000000000000000000000000000000000000000000000000000000000000000000000000000000000000000000000000000744a37cb47809f3ca10bc12e6d09e7244f3622f5640fc9875d1620b4a77e6ecf54762a0f8a10f05734e446def37dc22f91844d8b017bdcf20fe230bf8bd7890200e99fcbbabe5bce27d3ba75b2d8ce48e0f0637b93c486fe387594c343fcc672
15,mini-then-fixed,gcd,1000,88653000,35800000,1216651553921916950,000000000000000000000000000000000000000000000000000000000000000000000000000000000000000000000000000000000000000000000000000000000000000000000000000000000000000000000000000000000000000000000000000000000000000000000000000000000000000000000000000000000000000000000000000000000000000000000000000000000000000000000000000000000000000000000000000000000000000000000000000000000000000000000000000000000000000000000000000000000000000000000001
15,mini-then-fixed,invmod,1000,74025000,42317000,582249100450782574,000000000000000000000000000000000000000000000000000000000000000000000000000000000000000000000000000000000000000000000000000000000000000000000000000000000000000000000000000000000000000000000000000000000000000000000000000000000000000000000000000000000000000000000000000000000000000000000000000000000000004b62643618047fe935fbbd633c5d2355eeb036b4f48603516e336620e69b1df8bbe004806b35945b4747fecf621206ed376c270e92f191e25096015c93beaaa424
15,mini-then-fixed,sqrt,1000,5612000,6639000,10458507428752323897,000000000000000000000000000000000000000000000000000000000000000000000000000000000000000000000000000000000000000000000000000000000000000000000000000000000000000000000000000000000000000000000000000000000000000000000000000000000000000000000000e3b866267e90930119a7753412a07ad6a5009ef7d42681991370462ba4502d1af0627f6a4f63f3db12226a5362e027ea24fe3e92680a18d8a2faa1341effd06b99074829f0883f9fbbc2a8d815af1bdb0f0b0ef773102fa0074df7ba5465db4e
16,fixed-then-mini,mul,1000,185000,315000,2447613068693546304,0000000000000000000000000000000000000000000000006ae01a673b82782464735ffb95557b7bcfe6084ae066e771951035b0affa98e65011902e6d7ef048e8f74f366a4bfa8534602a5e502a8c57bf935edc03af1bd8328301ff8ff30d0971cb181d147b60b64dcdbe0a78a4403c9e72074250dd59507acc47606834ef2d88900849a2686431508f5dbd81ba82bcf933f4a8e8e5bf1e2b803ecc5c80c7202eafce140bfc64396e9c53b4a2fbc22155473528b7ed012c7d101e61af462ba92d8f8e4c2136cd4649d1fe16afcffba29c987dfc3e02fb31
16,fixed-then-mini,div,1000,587000,695000,8027614064300700742,000000000000000000000000000000000000000000000000000000000000000000000000000000000000000000000000000000000000000000000000000000000000000000000000000000000000000000000000000000000000000000000000000000000000000000000000000000000000000000000001146c1bceddad2d5b2541d8941fce87ff87bd9ec07d772de931555f3819d657c71ee69e9872f6107eb59a4b3a689b98d55fc77956231ed04949d10a07e103158e11815ff29f063ca3882a4c161021cfefece66a37a6158b59ba46e6e99e8ebddb:000000000000000000000000000000000000000000000000000000000000000000000000000000000000000000000000000000000000000000000000000000000000000000000000000000000000000000000000000000000000000000000000000000000000000000000000000000000000000000000000744a37cb47809f3ca10bc12e6d09e7244f3622f5640fc9875d1620b4a77e6ecf54762a0f8a10f05734e446def37dc22f91844d8b017bdcf20fe230bf8bd7890200e99fcbbabe5bce27d3ba75b2d8ce48e0f0637b93c486fe387594c343fcc672
16,fixed-then-mini,gcd,1000,88936000,35629000,1216651553921916950,000000000000000000000000000000000000000000000000000000000000000000000000000000000000000000000000000000000000000000000000000000000000000000000000000000000000000000000000000000000000000000000000000000000000000000000000000000000000000000000000000000000000000000000000000000000000000000000000000000000000000000000000000000000000000000000000000000000000000000000000000000000000000000000000000000000000000000000000000000000000000000000001
16,fixed-then-mini,invmod,1000,73762000,43135000,582249100450782574,000000000000000000000000000000000000000000000000000000000000000000000000000000000000000000000000000000000000000000000000000000000000000000000000000000000000000000000000000000000000000000000000000000000000000000000000000000000000000000000000000000000000000000000000000000000000000000000000000000000000004b62643618047fe935fbbd633c5d2355eeb036b4f48603516e336620e69b1df8bbe004806b35945b4747fecf621206ed376c270e92f191e25096015c93beaaa424
16,fixed-then-mini,sqrt,1000,5626000,6922000,10458507428752323897,000000000000000000000000000000000000000000000000000000000000000000000000000000000000000000000000000000000000000000000000000000000000000000000000000000000000000000000000000000000000000000000000000000000000000000000000000000000000000000000000e3b866267e90930119a7753412a07ad6a5009ef7d42681991370462ba4502d1af0627f6a4f63f3db12226a5362e027ea24fe3e92680a18d8a2faa1341effd06b99074829f0883f9fbbc2a8d815af1bdb0f0b0ef773102fa0074df7ba5465db4e
17,mini-then-fixed,mul,1000,185000,309000,2447613068693546304,0000000000000000000000000000000000000000000000006ae01a673b82782464735ffb95557b7bcfe6084ae066e771951035b0affa98e65011902e6d7ef048e8f74f366a4bfa8534602a5e502a8c57bf935edc03af1bd8328301ff8ff30d0971cb181d147b60b64dcdbe0a78a4403c9e72074250dd59507acc47606834ef2d88900849a2686431508f5dbd81ba82bcf933f4a8e8e5bf1e2b803ecc5c80c7202eafce140bfc64396e9c53b4a2fbc22155473528b7ed012c7d101e61af462ba92d8f8e4c2136cd4649d1fe16afcffba29c987dfc3e02fb31
17,mini-then-fixed,div,1000,586000,708000,8027614064300700742,000000000000000000000000000000000000000000000000000000000000000000000000000000000000000000000000000000000000000000000000000000000000000000000000000000000000000000000000000000000000000000000000000000000000000000000000000000000000000000000001146c1bceddad2d5b2541d8941fce87ff87bd9ec07d772de931555f3819d657c71ee69e9872f6107eb59a4b3a689b98d55fc77956231ed04949d10a07e103158e11815ff29f063ca3882a4c161021cfefece66a37a6158b59ba46e6e99e8ebddb:000000000000000000000000000000000000000000000000000000000000000000000000000000000000000000000000000000000000000000000000000000000000000000000000000000000000000000000000000000000000000000000000000000000000000000000000000000000000000000000000744a37cb47809f3ca10bc12e6d09e7244f3622f5640fc9875d1620b4a77e6ecf54762a0f8a10f05734e446def37dc22f91844d8b017bdcf20fe230bf8bd7890200e99fcbbabe5bce27d3ba75b2d8ce48e0f0637b93c486fe387594c343fcc672
17,mini-then-fixed,gcd,1000,89863000,36674000,1216651553921916950,000000000000000000000000000000000000000000000000000000000000000000000000000000000000000000000000000000000000000000000000000000000000000000000000000000000000000000000000000000000000000000000000000000000000000000000000000000000000000000000000000000000000000000000000000000000000000000000000000000000000000000000000000000000000000000000000000000000000000000000000000000000000000000000000000000000000000000000000000000000000000000000001
17,mini-then-fixed,invmod,1000,74013000,43233000,582249100450782574,000000000000000000000000000000000000000000000000000000000000000000000000000000000000000000000000000000000000000000000000000000000000000000000000000000000000000000000000000000000000000000000000000000000000000000000000000000000000000000000000000000000000000000000000000000000000000000000000000000000000004b62643618047fe935fbbd633c5d2355eeb036b4f48603516e336620e69b1df8bbe004806b35945b4747fecf621206ed376c270e92f191e25096015c93beaaa424
17,mini-then-fixed,sqrt,1000,5634000,6670000,10458507428752323897,000000000000000000000000000000000000000000000000000000000000000000000000000000000000000000000000000000000000000000000000000000000000000000000000000000000000000000000000000000000000000000000000000000000000000000000000000000000000000000000000e3b866267e90930119a7753412a07ad6a5009ef7d42681991370462ba4502d1af0627f6a4f63f3db12226a5362e027ea24fe3e92680a18d8a2faa1341effd06b99074829f0883f9fbbc2a8d815af1bdb0f0b0ef773102fa0074df7ba5465db4e
18,fixed-then-mini,mul,1000,184000,315000,2447613068693546304,0000000000000000000000000000000000000000000000006ae01a673b82782464735ffb95557b7bcfe6084ae066e771951035b0affa98e65011902e6d7ef048e8f74f366a4bfa8534602a5e502a8c57bf935edc03af1bd8328301ff8ff30d0971cb181d147b60b64dcdbe0a78a4403c9e72074250dd59507acc47606834ef2d88900849a2686431508f5dbd81ba82bcf933f4a8e8e5bf1e2b803ecc5c80c7202eafce140bfc64396e9c53b4a2fbc22155473528b7ed012c7d101e61af462ba92d8f8e4c2136cd4649d1fe16afcffba29c987dfc3e02fb31
18,fixed-then-mini,div,1000,586000,681000,8027614064300700742,000000000000000000000000000000000000000000000000000000000000000000000000000000000000000000000000000000000000000000000000000000000000000000000000000000000000000000000000000000000000000000000000000000000000000000000000000000000000000000000001146c1bceddad2d5b2541d8941fce87ff87bd9ec07d772de931555f3819d657c71ee69e9872f6107eb59a4b3a689b98d55fc77956231ed04949d10a07e103158e11815ff29f063ca3882a4c161021cfefece66a37a6158b59ba46e6e99e8ebddb:000000000000000000000000000000000000000000000000000000000000000000000000000000000000000000000000000000000000000000000000000000000000000000000000000000000000000000000000000000000000000000000000000000000000000000000000000000000000000000000000744a37cb47809f3ca10bc12e6d09e7244f3622f5640fc9875d1620b4a77e6ecf54762a0f8a10f05734e446def37dc22f91844d8b017bdcf20fe230bf8bd7890200e99fcbbabe5bce27d3ba75b2d8ce48e0f0637b93c486fe387594c343fcc672
18,fixed-then-mini,gcd,1000,88897000,36053000,1216651553921916950,000000000000000000000000000000000000000000000000000000000000000000000000000000000000000000000000000000000000000000000000000000000000000000000000000000000000000000000000000000000000000000000000000000000000000000000000000000000000000000000000000000000000000000000000000000000000000000000000000000000000000000000000000000000000000000000000000000000000000000000000000000000000000000000000000000000000000000000000000000000000000000000001
18,fixed-then-mini,invmod,1000,74382000,42931000,582249100450782574,000000000000000000000000000000000000000000000000000000000000000000000000000000000000000000000000000000000000000000000000000000000000000000000000000000000000000000000000000000000000000000000000000000000000000000000000000000000000000000000000000000000000000000000000000000000000000000000000000000000000004b62643618047fe935fbbd633c5d2355eeb036b4f48603516e336620e69b1df8bbe004806b35945b4747fecf621206ed376c270e92f191e25096015c93beaaa424
18,fixed-then-mini,sqrt,1000,5785000,6711000,10458507428752323897,000000000000000000000000000000000000000000000000000000000000000000000000000000000000000000000000000000000000000000000000000000000000000000000000000000000000000000000000000000000000000000000000000000000000000000000000000000000000000000000000e3b866267e90930119a7753412a07ad6a5009ef7d42681991370462ba4502d1af0627f6a4f63f3db12226a5362e027ea24fe3e92680a18d8a2faa1341effd06b99074829f0883f9fbbc2a8d815af1bdb0f0b0ef773102fa0074df7ba5465db4e
19,mini-then-fixed,mul,1000,193000,311000,2447613068693546304,0000000000000000000000000000000000000000000000006ae01a673b82782464735ffb95557b7bcfe6084ae066e771951035b0affa98e65011902e6d7ef048e8f74f366a4bfa8534602a5e502a8c57bf935edc03af1bd8328301ff8ff30d0971cb181d147b60b64dcdbe0a78a4403c9e72074250dd59507acc47606834ef2d88900849a2686431508f5dbd81ba82bcf933f4a8e8e5bf1e2b803ecc5c80c7202eafce140bfc64396e9c53b4a2fbc22155473528b7ed012c7d101e61af462ba92d8f8e4c2136cd4649d1fe16afcffba29c987dfc3e02fb31
19,mini-then-fixed,div,1000,609000,687000,8027614064300700742,000000000000000000000000000000000000000000000000000000000000000000000000000000000000000000000000000000000000000000000000000000000000000000000000000000000000000000000000000000000000000000000000000000000000000000000000000000000000000000000001146c1bceddad2d5b2541d8941fce87ff87bd9ec07d772de931555f3819d657c71ee69e9872f6107eb59a4b3a689b98d55fc77956231ed04949d10a07e103158e11815ff29f063ca3882a4c161021cfefece66a37a6158b59ba46e6e99e8ebddb:000000000000000000000000000000000000000000000000000000000000000000000000000000000000000000000000000000000000000000000000000000000000000000000000000000000000000000000000000000000000000000000000000000000000000000000000000000000000000000000000744a37cb47809f3ca10bc12e6d09e7244f3622f5640fc9875d1620b4a77e6ecf54762a0f8a10f05734e446def37dc22f91844d8b017bdcf20fe230bf8bd7890200e99fcbbabe5bce27d3ba75b2d8ce48e0f0637b93c486fe387594c343fcc672
19,mini-then-fixed,gcd,1000,88878000,35674000,1216651553921916950,000000000000000000000000000000000000000000000000000000000000000000000000000000000000000000000000000000000000000000000000000000000000000000000000000000000000000000000000000000000000000000000000000000000000000000000000000000000000000000000000000000000000000000000000000000000000000000000000000000000000000000000000000000000000000000000000000000000000000000000000000000000000000000000000000000000000000000000000000000000000000000000001
19,mini-then-fixed,invmod,1000,74127000,42669000,582249100450782574,000000000000000000000000000000000000000000000000000000000000000000000000000000000000000000000000000000000000000000000000000000000000000000000000000000000000000000000000000000000000000000000000000000000000000000000000000000000000000000000000000000000000000000000000000000000000000000000000000000000000004b62643618047fe935fbbd633c5d2355eeb036b4f48603516e336620e69b1df8bbe004806b35945b4747fecf621206ed376c270e92f191e25096015c93beaaa424
19,mini-then-fixed,sqrt,1000,5629000,6669000,10458507428752323897,000000000000000000000000000000000000000000000000000000000000000000000000000000000000000000000000000000000000000000000000000000000000000000000000000000000000000000000000000000000000000000000000000000000000000000000000000000000000000000000000e3b866267e90930119a7753412a07ad6a5009ef7d42681991370462ba4502d1af0627f6a4f63f3db12226a5362e027ea24fe3e92680a18d8a2faa1341effd06b99074829f0883f9fbbc2a8d815af1bdb0f0b0ef773102fa0074df7ba5465db4e
20,fixed-then-mini,mul,1000,185000,352000,2447613068693546304,0000000000000000000000000000000000000000000000006ae01a673b82782464735ffb95557b7bcfe6084ae066e771951035b0affa98e65011902e6d7ef048e8f74f366a4bfa8534602a5e502a8c57bf935edc03af1bd8328301ff8ff30d0971cb181d147b60b64dcdbe0a78a4403c9e72074250dd59507acc47606834ef2d88900849a2686431508f5dbd81ba82bcf933f4a8e8e5bf1e2b803ecc5c80c7202eafce140bfc64396e9c53b4a2fbc22155473528b7ed012c7d101e61af462ba92d8f8e4c2136cd4649d1fe16afcffba29c987dfc3e02fb31
20,fixed-then-mini,div,1000,598000,691000,8027614064300700742,000000000000000000000000000000000000000000000000000000000000000000000000000000000000000000000000000000000000000000000000000000000000000000000000000000000000000000000000000000000000000000000000000000000000000000000000000000000000000000000001146c1bceddad2d5b2541d8941fce87ff87bd9ec07d772de931555f3819d657c71ee69e9872f6107eb59a4b3a689b98d55fc77956231ed04949d10a07e103158e11815ff29f063ca3882a4c161021cfefece66a37a6158b59ba46e6e99e8ebddb:000000000000000000000000000000000000000000000000000000000000000000000000000000000000000000000000000000000000000000000000000000000000000000000000000000000000000000000000000000000000000000000000000000000000000000000000000000000000000000000000744a37cb47809f3ca10bc12e6d09e7244f3622f5640fc9875d1620b4a77e6ecf54762a0f8a10f05734e446def37dc22f91844d8b017bdcf20fe230bf8bd7890200e99fcbbabe5bce27d3ba75b2d8ce48e0f0637b93c486fe387594c343fcc672
20,fixed-then-mini,gcd,1000,89428000,35955000,1216651553921916950,000000000000000000000000000000000000000000000000000000000000000000000000000000000000000000000000000000000000000000000000000000000000000000000000000000000000000000000000000000000000000000000000000000000000000000000000000000000000000000000000000000000000000000000000000000000000000000000000000000000000000000000000000000000000000000000000000000000000000000000000000000000000000000000000000000000000000000000000000000000000000000000001
20,fixed-then-mini,invmod,1000,74137000,42651000,582249100450782574,000000000000000000000000000000000000000000000000000000000000000000000000000000000000000000000000000000000000000000000000000000000000000000000000000000000000000000000000000000000000000000000000000000000000000000000000000000000000000000000000000000000000000000000000000000000000000000000000000000000000004b62643618047fe935fbbd633c5d2355eeb036b4f48603516e336620e69b1df8bbe004806b35945b4747fecf621206ed376c270e92f191e25096015c93beaaa424
20,fixed-then-mini,sqrt,1000,5675000,6806000,10458507428752323897,000000000000000000000000000000000000000000000000000000000000000000000000000000000000000000000000000000000000000000000000000000000000000000000000000000000000000000000000000000000000000000000000000000000000000000000000000000000000000000000000e3b866267e90930119a7753412a07ad6a5009ef7d42681991370462ba4502d1af0627f6a4f63f3db12226a5362e027ea24fe3e92680a18d8a2faa1341effd06b99074829f0883f9fbbc2a8d815af1bdb0f0b0ef773102fa0074df7ba5465db4e
21,mini-then-fixed,mul,1000,185000,323000,2447613068693546304,0000000000000000000000000000000000000000000000006ae01a673b82782464735ffb95557b7bcfe6084ae066e771951035b0affa98e65011902e6d7ef048e8f74f366a4bfa8534602a5e502a8c57bf935edc03af1bd8328301ff8ff30d0971cb181d147b60b64dcdbe0a78a4403c9e72074250dd59507acc47606834ef2d88900849a2686431508f5dbd81ba82bcf933f4a8e8e5bf1e2b803ecc5c80c7202eafce140bfc64396e9c53b4a2fbc22155473528b7ed012c7d101e61af462ba92d8f8e4c2136cd4649d1fe16afcffba29c987dfc3e02fb31
21,mini-then-fixed,div,1000,608000,714000,8027614064300700742,000000000000000000000000000000000000000000000000000000000000000000000000000000000000000000000000000000000000000000000000000000000000000000000000000000000000000000000000000000000000000000000000000000000000000000000000000000000000000000000001146c1bceddad2d5b2541d8941fce87ff87bd9ec07d772de931555f3819d657c71ee69e9872f6107eb59a4b3a689b98d55fc77956231ed04949d10a07e103158e11815ff29f063ca3882a4c161021cfefece66a37a6158b59ba46e6e99e8ebddb:000000000000000000000000000000000000000000000000000000000000000000000000000000000000000000000000000000000000000000000000000000000000000000000000000000000000000000000000000000000000000000000000000000000000000000000000000000000000000000000000744a37cb47809f3ca10bc12e6d09e7244f3622f5640fc9875d1620b4a77e6ecf54762a0f8a10f05734e446def37dc22f91844d8b017bdcf20fe230bf8bd7890200e99fcbbabe5bce27d3ba75b2d8ce48e0f0637b93c486fe387594c343fcc672
21,mini-then-fixed,gcd,1000,88876000,35857000,1216651553921916950,000000000000000000000000000000000000000000000000000000000000000000000000000000000000000000000000000000000000000000000000000000000000000000000000000000000000000000000000000000000000000000000000000000000000000000000000000000000000000000000000000000000000000000000000000000000000000000000000000000000000000000000000000000000000000000000000000000000000000000000000000000000000000000000000000000000000000000000000000000000000000000000001
21,mini-then-fixed,invmod,1000,73863000,42271000,582249100450782574,000000000000000000000000000000000000000000000000000000000000000000000000000000000000000000000000000000000000000000000000000000000000000000000000000000000000000000000000000000000000000000000000000000000000000000000000000000000000000000000000000000000000000000000000000000000000000000000000000000000000004b62643618047fe935fbbd633c5d2355eeb036b4f48603516e336620e69b1df8bbe004806b35945b4747fecf621206ed376c270e92f191e25096015c93beaaa424
21,mini-then-fixed,sqrt,1000,5636000,6864000,10458507428752323897,000000000000000000000000000000000000000000000000000000000000000000000000000000000000000000000000000000000000000000000000000000000000000000000000000000000000000000000000000000000000000000000000000000000000000000000000000000000000000000000000e3b866267e90930119a7753412a07ad6a5009ef7d42681991370462ba4502d1af0627f6a4f63f3db12226a5362e027ea24fe3e92680a18d8a2faa1341effd06b99074829f0883f9fbbc2a8d815af1bdb0f0b0ef773102fa0074df7ba5465db4e
22,fixed-then-mini,mul,1000,186000,309000,2447613068693546304,0000000000000000000000000000000000000000000000006ae01a673b82782464735ffb95557b7bcfe6084ae066e771951035b0affa98e65011902e6d7ef048e8f74f366a4bfa8534602a5e502a8c57bf935edc03af1bd8328301ff8ff30d0971cb181d147b60b64dcdbe0a78a4403c9e72074250dd59507acc47606834ef2d88900849a2686431508f5dbd81ba82bcf933f4a8e8e5bf1e2b803ecc5c80c7202eafce140bfc64396e9c53b4a2fbc22155473528b7ed012c7d101e61af462ba92d8f8e4c2136cd4649d1fe16afcffba29c987dfc3e02fb31
22,fixed-then-mini,div,1000,592000,684000,8027614064300700742,000000000000000000000000000000000000000000000000000000000000000000000000000000000000000000000000000000000000000000000000000000000000000000000000000000000000000000000000000000000000000000000000000000000000000000000000000000000000000000000001146c1bceddad2d5b2541d8941fce87ff87bd9ec07d772de931555f3819d657c71ee69e9872f6107eb59a4b3a689b98d55fc77956231ed04949d10a07e103158e11815ff29f063ca3882a4c161021cfefece66a37a6158b59ba46e6e99e8ebddb:000000000000000000000000000000000000000000000000000000000000000000000000000000000000000000000000000000000000000000000000000000000000000000000000000000000000000000000000000000000000000000000000000000000000000000000000000000000000000000000000744a37cb47809f3ca10bc12e6d09e7244f3622f5640fc9875d1620b4a77e6ecf54762a0f8a10f05734e446def37dc22f91844d8b017bdcf20fe230bf8bd7890200e99fcbbabe5bce27d3ba75b2d8ce48e0f0637b93c486fe387594c343fcc672
22,fixed-then-mini,gcd,1000,89424000,35715000,1216651553921916950,000000000000000000000000000000000000000000000000000000000000000000000000000000000000000000000000000000000000000000000000000000000000000000000000000000000000000000000000000000000000000000000000000000000000000000000000000000000000000000000000000000000000000000000000000000000000000000000000000000000000000000000000000000000000000000000000000000000000000000000000000000000000000000000000000000000000000000000000000000000000000000000001
22,fixed-then-mini,invmod,1000,74007000,42041000,582249100450782574,000000000000000000000000000000000000000000000000000000000000000000000000000000000000000000000000000000000000000000000000000000000000000000000000000000000000000000000000000000000000000000000000000000000000000000000000000000000000000000000000000000000000000000000000000000000000000000000000000000000000004b62643618047fe935fbbd633c5d2355eeb036b4f48603516e336620e69b1df8bbe004806b35945b4747fecf621206ed376c270e92f191e25096015c93beaaa424
22,fixed-then-mini,sqrt,1000,5645000,6711000,10458507428752323897,000000000000000000000000000000000000000000000000000000000000000000000000000000000000000000000000000000000000000000000000000000000000000000000000000000000000000000000000000000000000000000000000000000000000000000000000000000000000000000000000e3b866267e90930119a7753412a07ad6a5009ef7d42681991370462ba4502d1af0627f6a4f63f3db12226a5362e027ea24fe3e92680a18d8a2faa1341effd06b99074829f0883f9fbbc2a8d815af1bdb0f0b0ef773102fa0074df7ba5465db4e
23,mini-then-fixed,mul,1000,186000,311000,2447613068693546304,0000000000000000000000000000000000000000000000006ae01a673b82782464735ffb95557b7bcfe6084ae066e771951035b0affa98e65011902e6d7ef048e8f74f366a4bfa8534602a5e502a8c57bf935edc03af1bd8328301ff8ff30d0971cb181d147b60b64dcdbe0a78a4403c9e72074250dd59507acc47606834ef2d88900849a2686431508f5dbd81ba82bcf933f4a8e8e5bf1e2b803ecc5c80c7202eafce140bfc64396e9c53b4a2fbc22155473528b7ed012c7d101e61af462ba92d8f8e4c2136cd4649d1fe16afcffba29c987dfc3e02fb31
23,mini-then-fixed,div,1000,589000,688000,8027614064300700742,000000000000000000000000000000000000000000000000000000000000000000000000000000000000000000000000000000000000000000000000000000000000000000000000000000000000000000000000000000000000000000000000000000000000000000000000000000000000000000000001146c1bceddad2d5b2541d8941fce87ff87bd9ec07d772de931555f3819d657c71ee69e9872f6107eb59a4b3a689b98d55fc77956231ed04949d10a07e103158e11815ff29f063ca3882a4c161021cfefece66a37a6158b59ba46e6e99e8ebddb:000000000000000000000000000000000000000000000000000000000000000000000000000000000000000000000000000000000000000000000000000000000000000000000000000000000000000000000000000000000000000000000000000000000000000000000000000000000000000000000000744a37cb47809f3ca10bc12e6d09e7244f3622f5640fc9875d1620b4a77e6ecf54762a0f8a10f05734e446def37dc22f91844d8b017bdcf20fe230bf8bd7890200e99fcbbabe5bce27d3ba75b2d8ce48e0f0637b93c486fe387594c343fcc672
23,mini-then-fixed,gcd,1000,89470000,36124000,1216651553921916950,000000000000000000000000000000000000000000000000000000000000000000000000000000000000000000000000000000000000000000000000000000000000000000000000000000000000000000000000000000000000000000000000000000000000000000000000000000000000000000000000000000000000000000000000000000000000000000000000000000000000000000000000000000000000000000000000000000000000000000000000000000000000000000000000000000000000000000000000000000000000000000000001
23,mini-then-fixed,invmod,1000,74183000,44235000,582249100450782574,000000000000000000000000000000000000000000000000000000000000000000000000000000000000000000000000000000000000000000000000000000000000000000000000000000000000000000000000000000000000000000000000000000000000000000000000000000000000000000000000000000000000000000000000000000000000000000000000000000000000004b62643618047fe935fbbd633c5d2355eeb036b4f48603516e336620e69b1df8bbe004806b35945b4747fecf621206ed376c270e92f191e25096015c93beaaa424
23,mini-then-fixed,sqrt,1000,5632000,6667000,10458507428752323897,000000000000000000000000000000000000000000000000000000000000000000000000000000000000000000000000000000000000000000000000000000000000000000000000000000000000000000000000000000000000000000000000000000000000000000000000000000000000000000000000e3b866267e90930119a7753412a07ad6a5009ef7d42681991370462ba4502d1af0627f6a4f63f3db12226a5362e027ea24fe3e92680a18d8a2faa1341effd06b99074829f0883f9fbbc2a8d815af1bdb0f0b0ef773102fa0074df7ba5465db4e
24,fixed-then-mini,mul,1000,186000,313000,2447613068693546304,0000000000000000000000000000000000000000000000006ae01a673b82782464735ffb95557b7bcfe6084ae066e771951035b0affa98e65011902e6d7ef048e8f74f366a4bfa8534602a5e502a8c57bf935edc03af1bd8328301ff8ff30d0971cb181d147b60b64dcdbe0a78a4403c9e72074250dd59507acc47606834ef2d88900849a2686431508f5dbd81ba82bcf933f4a8e8e5bf1e2b803ecc5c80c7202eafce140bfc64396e9c53b4a2fbc22155473528b7ed012c7d101e61af462ba92d8f8e4c2136cd4649d1fe16afcffba29c987dfc3e02fb31
24,fixed-then-mini,div,1000,588000,684000,8027614064300700742,000000000000000000000000000000000000000000000000000000000000000000000000000000000000000000000000000000000000000000000000000000000000000000000000000000000000000000000000000000000000000000000000000000000000000000000000000000000000000000000001146c1bceddad2d5b2541d8941fce87ff87bd9ec07d772de931555f3819d657c71ee69e9872f6107eb59a4b3a689b98d55fc77956231ed04949d10a07e103158e11815ff29f063ca3882a4c161021cfefece66a37a6158b59ba46e6e99e8ebddb:000000000000000000000000000000000000000000000000000000000000000000000000000000000000000000000000000000000000000000000000000000000000000000000000000000000000000000000000000000000000000000000000000000000000000000000000000000000000000000000000744a37cb47809f3ca10bc12e6d09e7244f3622f5640fc9875d1620b4a77e6ecf54762a0f8a10f05734e446def37dc22f91844d8b017bdcf20fe230bf8bd7890200e99fcbbabe5bce27d3ba75b2d8ce48e0f0637b93c486fe387594c343fcc672
24,fixed-then-mini,gcd,1000,89655000,35611000,1216651553921916950,000000000000000000000000000000000000000000000000000000000000000000000000000000000000000000000000000000000000000000000000000000000000000000000000000000000000000000000000000000000000000000000000000000000000000000000000000000000000000000000000000000000000000000000000000000000000000000000000000000000000000000000000000000000000000000000000000000000000000000000000000000000000000000000000000000000000000000000000000000000000000000000001
24,fixed-then-mini,invmod,1000,74299000,42405000,582249100450782574,000000000000000000000000000000000000000000000000000000000000000000000000000000000000000000000000000000000000000000000000000000000000000000000000000000000000000000000000000000000000000000000000000000000000000000000000000000000000000000000000000000000000000000000000000000000000000000000000000000000000004b62643618047fe935fbbd633c5d2355eeb036b4f48603516e336620e69b1df8bbe004806b35945b4747fecf621206ed376c270e92f191e25096015c93beaaa424
24,fixed-then-mini,sqrt,1000,5671000,6646000,10458507428752323897,000000000000000000000000000000000000000000000000000000000000000000000000000000000000000000000000000000000000000000000000000000000000000000000000000000000000000000000000000000000000000000000000000000000000000000000000000000000000000000000000e3b866267e90930119a7753412a07ad6a5009ef7d42681991370462ba4502d1af0627f6a4f63f3db12226a5362e027ea24fe3e92680a18d8a2faa1341effd06b99074829f0883f9fbbc2a8d815af1bdb0f0b0ef773102fa0074df7ba5465db4e
25,mini-then-fixed,mul,1000,187000,358000,2447613068693546304,0000000000000000000000000000000000000000000000006ae01a673b82782464735ffb95557b7bcfe6084ae066e771951035b0affa98e65011902e6d7ef048e8f74f366a4bfa8534602a5e502a8c57bf935edc03af1bd8328301ff8ff30d0971cb181d147b60b64dcdbe0a78a4403c9e72074250dd59507acc47606834ef2d88900849a2686431508f5dbd81ba82bcf933f4a8e8e5bf1e2b803ecc5c80c7202eafce140bfc64396e9c53b4a2fbc22155473528b7ed012c7d101e61af462ba92d8f8e4c2136cd4649d1fe16afcffba29c987dfc3e02fb31
25,mini-then-fixed,div,1000,591000,714000,8027614064300700742,000000000000000000000000000000000000000000000000000000000000000000000000000000000000000000000000000000000000000000000000000000000000000000000000000000000000000000000000000000000000000000000000000000000000000000000000000000000000000000000001146c1bceddad2d5b2541d8941fce87ff87bd9ec07d772de931555f3819d657c71ee69e9872f6107eb59a4b3a689b98d55fc77956231ed04949d10a07e103158e11815ff29f063ca3882a4c161021cfefece66a37a6158b59ba46e6e99e8ebddb:000000000000000000000000000000000000000000000000000000000000000000000000000000000000000000000000000000000000000000000000000000000000000000000000000000000000000000000000000000000000000000000000000000000000000000000000000000000000000000000000744a37cb47809f3ca10bc12e6d09e7244f3622f5640fc9875d1620b4a77e6ecf54762a0f8a10f05734e446def37dc22f91844d8b017bdcf20fe230bf8bd7890200e99fcbbabe5bce27d3ba75b2d8ce48e0f0637b93c486fe387594c343fcc672
25,mini-then-fixed,gcd,1000,89235000,36052000,1216651553921916950,000000000000000000000000000000000000000000000000000000000000000000000000000000000000000000000000000000000000000000000000000000000000000000000000000000000000000000000000000000000000000000000000000000000000000000000000000000000000000000000000000000000000000000000000000000000000000000000000000000000000000000000000000000000000000000000000000000000000000000000000000000000000000000000000000000000000000000000000000000000000000000000001
25,mini-then-fixed,invmod,1000,74008000,43190000,582249100450782574,000000000000000000000000000000000000000000000000000000000000000000000000000000000000000000000000000000000000000000000000000000000000000000000000000000000000000000000000000000000000000000000000000000000000000000000000000000000000000000000000000000000000000000000000000000000000000000000000000000000000004b62643618047fe935fbbd633c5d2355eeb036b4f48603516e336620e69b1df8bbe004806b35945b4747fecf621206ed376c270e92f191e25096015c93beaaa424
25,mini-then-fixed,sqrt,1000,5728000,6772000,10458507428752323897,000000000000000000000000000000000000000000000000000000000000000000000000000000000000000000000000000000000000000000000000000000000000000000000000000000000000000000000000000000000000000000000000000000000000000000000000000000000000000000000000e3b866267e90930119a7753412a07ad6a5009ef7d42681991370462ba4502d1af0627f6a4f63f3db12226a5362e027ea24fe3e92680a18d8a2faa1341effd06b99074829f0883f9fbbc2a8d815af1bdb0f0b0ef773102fa0074df7ba5465db4e
26,fixed-then-mini,mul,1000,185000,309000,2447613068693546304,0000000000000000000000000000000000000000000000006ae01a673b82782464735ffb95557b7bcfe6084ae066e771951035b0affa98e65011902e6d7ef048e8f74f366a4bfa8534602a5e502a8c57bf935edc03af1bd8328301ff8ff30d0971cb181d147b60b64dcdbe0a78a4403c9e72074250dd59507acc47606834ef2d88900849a2686431508f5dbd81ba82bcf933f4a8e8e5bf1e2b803ecc5c80c7202eafce140bfc64396e9c53b4a2fbc22155473528b7ed012c7d101e61af462ba92d8f8e4c2136cd4649d1fe16afcffba29c987dfc3e02fb31
26,fixed-then-mini,div,1000,589000,685000,8027614064300700742,000000000000000000000000000000000000000000000000000000000000000000000000000000000000000000000000000000000000000000000000000000000000000000000000000000000000000000000000000000000000000000000000000000000000000000000000000000000000000000000001146c1bceddad2d5b2541d8941fce87ff87bd9ec07d772de931555f3819d657c71ee69e9872f6107eb59a4b3a689b98d55fc77956231ed04949d10a07e103158e11815ff29f063ca3882a4c161021cfefece66a37a6158b59ba46e6e99e8ebddb:000000000000000000000000000000000000000000000000000000000000000000000000000000000000000000000000000000000000000000000000000000000000000000000000000000000000000000000000000000000000000000000000000000000000000000000000000000000000000000000000744a37cb47809f3ca10bc12e6d09e7244f3622f5640fc9875d1620b4a77e6ecf54762a0f8a10f05734e446def37dc22f91844d8b017bdcf20fe230bf8bd7890200e99fcbbabe5bce27d3ba75b2d8ce48e0f0637b93c486fe387594c343fcc672
26,fixed-then-mini,gcd,1000,88766000,35816000,1216651553921916950,000000000000000000000000000000000000000000000000000000000000000000000000000000000000000000000000000000000000000000000000000000000000000000000000000000000000000000000000000000000000000000000000000000000000000000000000000000000000000000000000000000000000000000000000000000000000000000000000000000000000000000000000000000000000000000000000000000000000000000000000000000000000000000000000000000000000000000000000000000000000000000000001
26,fixed-then-mini,invmod,1000,73966000,44217000,582249100450782574,000000000000000000000000000000000000000000000000000000000000000000000000000000000000000000000000000000000000000000000000000000000000000000000000000000000000000000000000000000000000000000000000000000000000000000000000000000000000000000000000000000000000000000000000000000000000000000000000000000000000004b62643618047fe935fbbd633c5d2355eeb036b4f48603516e336620e69b1df8bbe004806b35945b4747fecf621206ed376c270e92f191e25096015c93beaaa424
26,fixed-then-mini,sqrt,1000,5636000,6681000,10458507428752323897,000000000000000000000000000000000000000000000000000000000000000000000000000000000000000000000000000000000000000000000000000000000000000000000000000000000000000000000000000000000000000000000000000000000000000000000000000000000000000000000000e3b866267e90930119a7753412a07ad6a5009ef7d42681991370462ba4502d1af0627f6a4f63f3db12226a5362e027ea24fe3e92680a18d8a2faa1341effd06b99074829f0883f9fbbc2a8d815af1bdb0f0b0ef773102fa0074df7ba5465db4e
27,mini-then-fixed,mul,1000,184000,318000,2447613068693546304,0000000000000000000000000000000000000000000000006ae01a673b82782464735ffb95557b7bcfe6084ae066e771951035b0affa98e65011902e6d7ef048e8f74f366a4bfa8534602a5e502a8c57bf935edc03af1bd8328301ff8ff30d0971cb181d147b60b64dcdbe0a78a4403c9e72074250dd59507acc47606834ef2d88900849a2686431508f5dbd81ba82bcf933f4a8e8e5bf1e2b803ecc5c80c7202eafce140bfc64396e9c53b4a2fbc22155473528b7ed012c7d101e61af462ba92d8f8e4c2136cd4649d1fe16afcffba29c987dfc3e02fb31
27,mini-then-fixed,div,1000,582000,707000,8027614064300700742,000000000000000000000000000000000000000000000000000000000000000000000000000000000000000000000000000000000000000000000000000000000000000000000000000000000000000000000000000000000000000000000000000000000000000000000000000000000000000000000001146c1bceddad2d5b2541d8941fce87ff87bd9ec07d772de931555f3819d657c71ee69e9872f6107eb59a4b3a689b98d55fc77956231ed04949d10a07e103158e11815ff29f063ca3882a4c161021cfefece66a37a6158b59ba46e6e99e8ebddb:000000000000000000000000000000000000000000000000000000000000000000000000000000000000000000000000000000000000000000000000000000000000000000000000000000000000000000000000000000000000000000000000000000000000000000000000000000000000000000000000744a37cb47809f3ca10bc12e6d09e7244f3622f5640fc9875d1620b4a77e6ecf54762a0f8a10f05734e446def37dc22f91844d8b017bdcf20fe230bf8bd7890200e99fcbbabe5bce27d3ba75b2d8ce48e0f0637b93c486fe387594c343fcc672
27,mini-then-fixed,gcd,1000,89105000,35837000,1216651553921916950,000000000000000000000000000000000000000000000000000000000000000000000000000000000000000000000000000000000000000000000000000000000000000000000000000000000000000000000000000000000000000000000000000000000000000000000000000000000000000000000000000000000000000000000000000000000000000000000000000000000000000000000000000000000000000000000000000000000000000000000000000000000000000000000000000000000000000000000000000000000000000000000001
27,mini-then-fixed,invmod,1000,74213000,43204000,582249100450782574,000000000000000000000000000000000000000000000000000000000000000000000000000000000000000000000000000000000000000000000000000000000000000000000000000000000000000000000000000000000000000000000000000000000000000000000000000000000000000000000000000000000000000000000000000000000000000000000000000000000000004b62643618047fe935fbbd633c5d2355eeb036b4f48603516e336620e69b1df8bbe004806b35945b4747fecf621206ed376c270e92f191e25096015c93beaaa424
27,mini-then-fixed,sqrt,1000,5652000,6746000,10458507428752323897,000000000000000000000000000000000000000000000000000000000000000000000000000000000000000000000000000000000000000000000000000000000000000000000000000000000000000000000000000000000000000000000000000000000000000000000000000000000000000000000000e3b866267e90930119a7753412a07ad6a5009ef7d42681991370462ba4502d1af0627f6a4f63f3db12226a5362e027ea24fe3e92680a18d8a2faa1341effd06b99074829f0883f9fbbc2a8d815af1bdb0f0b0ef773102fa0074df7ba5465db4e
28,fixed-then-mini,mul,1000,185000,312000,2447613068693546304,0000000000000000000000000000000000000000000000006ae01a673b82782464735ffb95557b7bcfe6084ae066e771951035b0affa98e65011902e6d7ef048e8f74f366a4bfa8534602a5e502a8c57bf935edc03af1bd8328301ff8ff30d0971cb181d147b60b64dcdbe0a78a4403c9e72074250dd59507acc47606834ef2d88900849a2686431508f5dbd81ba82bcf933f4a8e8e5bf1e2b803ecc5c80c7202eafce140bfc64396e9c53b4a2fbc22155473528b7ed012c7d101e61af462ba92d8f8e4c2136cd4649d1fe16afcffba29c987dfc3e02fb31
28,fixed-then-mini,div,1000,592000,685000,8027614064300700742,000000000000000000000000000000000000000000000000000000000000000000000000000000000000000000000000000000000000000000000000000000000000000000000000000000000000000000000000000000000000000000000000000000000000000000000000000000000000000000000001146c1bceddad2d5b2541d8941fce87ff87bd9ec07d772de931555f3819d657c71ee69e9872f6107eb59a4b3a689b98d55fc77956231ed04949d10a07e103158e11815ff29f063ca3882a4c161021cfefece66a37a6158b59ba46e6e99e8ebddb:000000000000000000000000000000000000000000000000000000000000000000000000000000000000000000000000000000000000000000000000000000000000000000000000000000000000000000000000000000000000000000000000000000000000000000000000000000000000000000000000744a37cb47809f3ca10bc12e6d09e7244f3622f5640fc9875d1620b4a77e6ecf54762a0f8a10f05734e446def37dc22f91844d8b017bdcf20fe230bf8bd7890200e99fcbbabe5bce27d3ba75b2d8ce48e0f0637b93c486fe387594c343fcc672
28,fixed-then-mini,gcd,1000,87900000,35690000,1216651553921916950,000000000000000000000000000000000000000000000000000000000000000000000000000000000000000000000000000000000000000000000000000000000000000000000000000000000000000000000000000000000000000000000000000000000000000000000000000000000000000000000000000000000000000000000000000000000000000000000000000000000000000000000000000000000000000000000000000000000000000000000000000000000000000000000000000000000000000000000000000000000000000000000001
28,fixed-then-mini,invmod,1000,74281000,42750000,582249100450782574,000000000000000000000000000000000000000000000000000000000000000000000000000000000000000000000000000000000000000000000000000000000000000000000000000000000000000000000000000000000000000000000000000000000000000000000000000000000000000000000000000000000000000000000000000000000000000000000000000000000000004b62643618047fe935fbbd633c5d2355eeb036b4f48603516e336620e69b1df8bbe004806b35945b4747fecf621206ed376c270e92f191e25096015c93beaaa424
28,fixed-then-mini,sqrt,1000,5606000,6678000,10458507428752323897,000000000000000000000000000000000000000000000000000000000000000000000000000000000000000000000000000000000000000000000000000000000000000000000000000000000000000000000000000000000000000000000000000000000000000000000000000000000000000000000000e3b866267e90930119a7753412a07ad6a5009ef7d42681991370462ba4502d1af0627f6a4f63f3db12226a5362e027ea24fe3e92680a18d8a2faa1341effd06b99074829f0883f9fbbc2a8d815af1bdb0f0b0ef773102fa0074df7ba5465db4e
29,mini-then-fixed,mul,1000,190000,311000,2447613068693546304,0000000000000000000000000000000000000000000000006ae01a673b82782464735ffb95557b7bcfe6084ae066e771951035b0affa98e65011902e6d7ef048e8f74f366a4bfa8534602a5e502a8c57bf935edc03af1bd8328301ff8ff30d0971cb181d147b60b64dcdbe0a78a4403c9e72074250dd59507acc47606834ef2d88900849a2686431508f5dbd81ba82bcf933f4a8e8e5bf1e2b803ecc5c80c7202eafce140bfc64396e9c53b4a2fbc22155473528b7ed012c7d101e61af462ba92d8f8e4c2136cd4649d1fe16afcffba29c987dfc3e02fb31
29,mini-then-fixed,div,1000,585000,690000,8027614064300700742,000000000000000000000000000000000000000000000000000000000000000000000000000000000000000000000000000000000000000000000000000000000000000000000000000000000000000000000000000000000000000000000000000000000000000000000000000000000000000000000001146c1bceddad2d5b2541d8941fce87ff87bd9ec07d772de931555f3819d657c71ee69e9872f6107eb59a4b3a689b98d55fc77956231ed04949d10a07e103158e11815ff29f063ca3882a4c161021cfefece66a37a6158b59ba46e6e99e8ebddb:000000000000000000000000000000000000000000000000000000000000000000000000000000000000000000000000000000000000000000000000000000000000000000000000000000000000000000000000000000000000000000000000000000000000000000000000000000000000000000000000744a37cb47809f3ca10bc12e6d09e7244f3622f5640fc9875d1620b4a77e6ecf54762a0f8a10f05734e446def37dc22f91844d8b017bdcf20fe230bf8bd7890200e99fcbbabe5bce27d3ba75b2d8ce48e0f0637b93c486fe387594c343fcc672
29,mini-then-fixed,gcd,1000,88815000,35710000,1216651553921916950,000000000000000000000000000000000000000000000000000000000000000000000000000000000000000000000000000000000000000000000000000000000000000000000000000000000000000000000000000000000000000000000000000000000000000000000000000000000000000000000000000000000000000000000000000000000000000000000000000000000000000000000000000000000000000000000000000000000000000000000000000000000000000000000000000000000000000000000000000000000000000000000001
29,mini-then-fixed,invmod,1000,74116000,42686000,582249100450782574,000000000000000000000000000000000000000000000000000000000000000000000000000000000000000000000000000000000000000000000000000000000000000000000000000000000000000000000000000000000000000000000000000000000000000000000000000000000000000000000000000000000000000000000000000000000000000000000000000000000000004b62643618047fe935fbbd633c5d2355eeb036b4f48603516e336620e69b1df8bbe004806b35945b4747fecf621206ed376c270e92f191e25096015c93beaaa424
29,mini-then-fixed,sqrt,1000,5646000,6700000,10458507428752323897,000000000000000000000000000000000000000000000000000000000000000000000000000000000000000000000000000000000000000000000000000000000000000000000000000000000000000000000000000000000000000000000000000000000000000000000000000000000000000000000000e3b866267e90930119a7753412a07ad6a5009ef7d42681991370462ba4502d1af0627f6a4f63f3db12226a5362e027ea24fe3e92680a18d8a2faa1341effd06b99074829f0883f9fbbc2a8d815af1bdb0f0b0ef773102fa0074df7ba5465db4e
