comparison,operation,round,kat_count,order,a_label,a_elapsed_ns,b_label,b_elapsed_ns
system-vs-mini-native,keygen,0,0,a-then-b,system-native,72037000,mini-native,90606000
system-vs-mini-native,keygen,1,1,b-then-a,system-native,36390000,mini-native,49923000
system-vs-mini-native,keygen,2,2,a-then-b,system-native,37138000,mini-native,52054000
system-vs-mini-native,keygen,3,3,b-then-a,system-native,41737000,mini-native,58513000
system-vs-mini-native,keygen,4,4,a-then-b,system-native,31875000,mini-native,44527000
system-vs-mini-native,keygen,5,5,b-then-a,system-native,43213000,mini-native,56935000
system-vs-mini-native,keygen,6,6,a-then-b,system-native,45910000,mini-native,65761000
system-vs-mini-native,keygen,7,7,b-then-a,system-native,38545000,mini-native,51443000
system-vs-mini-native,keygen,8,8,a-then-b,system-native,66388000,mini-native,88115000
system-vs-mini-native,keygen,9,9,b-then-a,system-native,62882000,mini-native,77161000
system-vs-mini-native,keygen,10,10,a-then-b,system-native,45500000,mini-native,61336000
system-vs-mini-native,keygen,11,11,b-then-a,system-native,34464000,mini-native,46077000
system-vs-mini-native,keygen,12,12,a-then-b,system-native,42419000,mini-native,57843000
system-vs-mini-native,keygen,13,13,b-then-a,system-native,39953000,mini-native,50352000
system-vs-mini-native,keygen,14,14,a-then-b,system-native,47866000,mini-native,66052000
system-vs-mini-native,keygen,15,0,b-then-a,system-native,58502000,mini-native,76662000
system-vs-mini-native,keygen,16,1,a-then-b,system-native,36648000,mini-native,49869000
system-vs-mini-native,keygen,17,2,b-then-a,system-native,37239000,mini-native,52169000
system-vs-mini-native,keygen,18,3,a-then-b,system-native,41848000,mini-native,58364000
system-vs-mini-native,keygen,19,4,b-then-a,system-native,32140000,mini-native,44585000
system-vs-mini-native,keygen,20,5,a-then-b,system-native,43148000,mini-native,56872000
system-vs-mini-native,keygen,21,6,b-then-a,system-native,46108000,mini-native,65663000
system-vs-mini-native,keygen,22,7,a-then-b,system-native,38855000,mini-native,51420000
system-vs-mini-native,keygen,23,8,b-then-a,system-native,66286000,mini-native,88237000
system-vs-mini-native,keygen,24,9,a-then-b,system-native,63302000,mini-native,77304000
system-vs-mini-native,keygen,25,10,b-then-a,system-native,45624000,mini-native,61222000
system-vs-mini-native,keygen,26,11,a-then-b,system-native,34858000,mini-native,46106000
system-vs-mini-native,keygen,27,12,b-then-a,system-native,42452000,mini-native,57760000
system-vs-mini-native,keygen,28,13,a-then-b,system-native,39923000,mini-native,50505000
system-vs-mini-native,keygen,29,14,b-then-a,system-native,47778000,mini-native,65904000
system-vs-mini-native,sign,0,0,a-then-b,system-native,124058000,mini-native,175872000
system-vs-mini-native,sign,1,1,b-then-a,system-native,90029000,mini-native,131567000
system-vs-mini-native,sign,2,2,a-then-b,system-native,113096000,mini-native,152059000
system-vs-mini-native,sign,3,3,b-then-a,system-native,102203000,mini-native,145158000
system-vs-mini-native,sign,4,4,a-then-b,system-native,128580000,mini-native,177603000
system-vs-mini-native,sign,5,5,b-then-a,system-native,109141000,mini-native,159463000
system-vs-mini-native,sign,6,6,a-then-b,system-native,132677000,mini-native,185006000
system-vs-mini-native,sign,7,7,b-then-a,system-native,94025000,mini-native,129036000
system-vs-mini-native,sign,8,8,a-then-b,system-native,95245000,mini-native,136396000
system-vs-mini-native,sign,9,9,b-then-a,system-native,135622000,mini-native,219459000
system-vs-mini-native,sign,10,10,a-then-b,system-native,123055000,mini-native,186303000
system-vs-mini-native,sign,11,11,b-then-a,system-native,117268000,mini-native,164367000
system-vs-mini-native,sign,12,12,a-then-b,system-native,104894000,mini-native,158123000
system-vs-mini-native,sign,13,13,b-then-a,system-native,88682000,mini-native,122493000
system-vs-mini-native,sign,14,14,a-then-b,system-native,84326000,mini-native,112304000
system-vs-mini-native,sign,15,0,b-then-a,system-native,123852000,mini-native,175184000
system-vs-mini-native,sign,16,1,a-then-b,system-native,90485000,mini-native,131697000
system-vs-mini-native,sign,17,2,b-then-a,system-native,113041000,mini-native,151913000
system-vs-mini-native,sign,18,3,a-then-b,system-native,102425000,mini-native,145432000
system-vs-mini-native,sign,19,4,b-then-a,system-native,128672000,mini-native,177643000
system-vs-mini-native,sign,20,5,a-then-b,system-native,108849000,mini-native,159876000
system-vs-mini-native,sign,21,6,b-then-a,system-native,132915000,mini-native,185131000
system-vs-mini-native,sign,22,7,a-then-b,system-native,93966000,mini-native,129200000
system-vs-mini-native,sign,23,8,b-then-a,system-native,95117000,mini-native,136323000
system-vs-mini-native,sign,24,9,a-then-b,system-native,135060000,mini-native,219496000
system-vs-mini-native,sign,25,10,b-then-a,system-native,123090000,mini-native,187134000
system-vs-mini-native,sign,26,11,a-then-b,system-native,117317000,mini-native,164034000
system-vs-mini-native,sign,27,12,b-then-a,system-native,105168000,mini-native,157890000
system-vs-mini-native,sign,28,13,a-then-b,system-native,88614000,mini-native,123118000
system-vs-mini-native,sign,29,14,b-then-a,system-native,84424000,mini-native,112355000
system-vs-mini-native,verify,0,0,a-then-b,system-native,5608000,mini-native,5577000
system-vs-mini-native,verify,1,1,b-then-a,system-native,5552000,mini-native,5520000
system-vs-mini-native,verify,2,2,a-then-b,system-native,5460000,mini-native,5485000
system-vs-mini-native,verify,3,3,b-then-a,system-native,5583000,mini-native,5572000
system-vs-mini-native,verify,4,4,a-then-b,system-native,5559000,mini-native,5570000
system-vs-mini-native,verify,5,5,b-then-a,system-native,5556000,mini-native,5543000
system-vs-mini-native,verify,6,6,a-then-b,system-native,5543000,mini-native,5565000
system-vs-mini-native,verify,7,7,b-then-a,system-native,5526000,mini-native,5502000
system-vs-mini-native,verify,8,8,a-then-b,system-native,5476000,mini-native,5510000
system-vs-mini-native,verify,9,9,b-then-a,system-native,5516000,mini-native,5493000
system-vs-mini-native,verify,10,10,a-then-b,system-native,5506000,mini-native,5547000
system-vs-mini-native,verify,11,11,b-then-a,system-native,5510000,mini-native,5505000
system-vs-mini-native,verify,12,12,a-then-b,system-native,5557000,mini-native,5598000
system-vs-mini-native,verify,13,13,b-then-a,system-native,5518000,mini-native,5519000
system-vs-mini-native,verify,14,14,a-then-b,system-native,5523000,mini-native,5551000
system-vs-mini-native,verify,15,0,b-then-a,system-native,5553000,mini-native,5575000
system-vs-mini-native,verify,16,1,a-then-b,system-native,5489000,mini-native,5512000
system-vs-mini-native,verify,17,2,b-then-a,system-native,5494000,mini-native,5437000
system-vs-mini-native,verify,18,3,a-then-b,system-native,5540000,mini-native,5623000
system-vs-mini-native,verify,19,4,b-then-a,system-native,5545000,mini-native,5578000
system-vs-mini-native,verify,20,5,a-then-b,system-native,5532000,mini-native,5567000
system-vs-mini-native,verify,21,6,b-then-a,system-native,5541000,mini-native,5542000
system-vs-mini-native,verify,22,7,a-then-b,system-native,5532000,mini-native,5526000
system-vs-mini-native,verify,23,8,b-then-a,system-native,5515000,mini-native,5495000
system-vs-mini-native,verify,24,9,a-then-b,system-native,5508000,mini-native,5544000
system-vs-mini-native,verify,25,10,b-then-a,system-native,5533000,mini-native,5544000
system-vs-mini-native,verify,26,11,a-then-b,system-native,5562000,mini-native,5536000
system-vs-mini-native,verify,27,12,b-then-a,system-native,5593000,mini-native,5595000
system-vs-mini-native,verify,28,13,a-then-b,system-native,5526000,mini-native,5527000
system-vs-mini-native,verify,29,14,b-then-a,system-native,5508000,mini-native,5542000
mini-tracking-vs-secure-pool,keygen,0,0,a-then-b,mini-tracking,77464000,mini-secure-pool,310306000
mini-tracking-vs-secure-pool,keygen,1,1,b-then-a,mini-tracking,50670000,mini-secure-pool,288093000
mini-tracking-vs-secure-pool,keygen,2,2,a-then-b,mini-tracking,52891000,mini-secure-pool,275639000
mini-tracking-vs-secure-pool,keygen,3,3,b-then-a,mini-tracking,59503000,mini-secure-pool,288227000
mini-tracking-vs-secure-pool,keygen,4,4,a-then-b,mini-tracking,45162000,mini-secure-pool,248245000
mini-tracking-vs-secure-pool,keygen,5,5,b-then-a,mini-tracking,57952000,mini-secure-pool,304848000
mini-tracking-vs-secure-pool,keygen,6,6,a-then-b,mini-tracking,66587000,mini-secure-pool,290113000
mini-tracking-vs-secure-pool,keygen,7,7,b-then-a,mini-tracking,52217000,mini-secure-pool,282791000
mini-tracking-vs-secure-pool,keygen,8,8,a-then-b,mini-tracking,89188000,mini-secure-pool,314675000
mini-tracking-vs-secure-pool,keygen,9,9,b-then-a,mini-tracking,78147000,mini-secure-pool,289300000
mini-tracking-vs-secure-pool,keygen,10,10,a-then-b,mini-tracking,62524000,mini-secure-pool,306247000
mini-tracking-vs-secure-pool,keygen,11,11,b-then-a,mini-tracking,46470000,mini-secure-pool,254240000
mini-tracking-vs-secure-pool,keygen,12,12,a-then-b,mini-tracking,58404000,mini-secure-pool,290204000
mini-tracking-vs-secure-pool,keygen,13,13,b-then-a,mini-tracking,50765000,mini-secure-pool,278992000
mini-tracking-vs-secure-pool,keygen,14,14,a-then-b,mini-tracking,66920000,mini-secure-pool,303476000
mini-tracking-vs-secure-pool,keygen,15,0,b-then-a,mini-tracking,77334000,mini-secure-pool,310913000
mini-tracking-vs-secure-pool,keygen,16,1,a-then-b,mini-tracking,50443000,mini-secure-pool,287139000
mini-tracking-vs-secure-pool,keygen,17,2,b-then-a,mini-tracking,52776000,mini-secure-pool,273978000
mini-tracking-vs-secure-pool,keygen,18,3,a-then-b,mini-tracking,59132000,mini-secure-pool,288176000
mini-tracking-vs-secure-pool,keygen,19,4,b-then-a,mini-tracking,45875000,mini-secure-pool,253995000
mini-tracking-vs-secure-pool,keygen,20,5,a-then-b,mini-tracking,57956000,mini-secure-pool,303749000
mini-tracking-vs-secure-pool,keygen,21,6,b-then-a,mini-tracking,66473000,mini-secure-pool,289832000
mini-tracking-vs-secure-pool,keygen,22,7,a-then-b,mini-tracking,52299000,mini-secure-pool,282236000
mini-tracking-vs-secure-pool,keygen,23,8,b-then-a,mini-tracking,89008000,mini-secure-pool,315532000
mini-tracking-vs-secure-pool,keygen,24,9,a-then-b,mini-tracking,77993000,mini-secure-pool,288750000
mini-tracking-vs-secure-pool,keygen,25,10,b-then-a,mini-tracking,62220000,mini-secure-pool,363554000
mini-tracking-vs-secure-pool,keygen,26,11,a-then-b,mini-tracking,46894000,mini-secure-pool,253726000
mini-tracking-vs-secure-pool,keygen,27,12,b-then-a,mini-tracking,58514000,mini-secure-pool,289948000
mini-tracking-vs-secure-pool,keygen,28,13,a-then-b,mini-tracking,50908000,mini-secure-pool,279056000
mini-tracking-vs-secure-pool,keygen,29,14,b-then-a,mini-tracking,67183000,mini-secure-pool,304248000
mini-tracking-vs-secure-pool,sign,0,0,a-then-b,mini-tracking,177920000,mini-secure-pool,692801000
mini-tracking-vs-secure-pool,sign,1,1,b-then-a,mini-tracking,133338000,mini-secure-pool,667090000
mini-tracking-vs-secure-pool,sign,2,2,a-then-b,mini-tracking,153779000,mini-secure-pool,661769000
mini-tracking-vs-secure-pool,sign,3,3,b-then-a,mini-tracking,147293000,mini-secure-pool,652718000
mini-tracking-vs-secure-pool,sign,4,4,a-then-b,mini-tracking,179843000,mini-secure-pool,706150000
mini-tracking-vs-secure-pool,sign,5,5,b-then-a,mini-tracking,161798000,mini-secure-pool,677242000
mini-tracking-vs-secure-pool,sign,6,6,a-then-b,mini-tracking,187236000,mini-secure-pool,721268000
mini-tracking-vs-secure-pool,sign,7,7,b-then-a,mini-tracking,130972000,mini-secure-pool,632556000
mini-tracking-vs-secure-pool,sign,8,8,a-then-b,mini-tracking,138043000,mini-secure-pool,663279000
mini-tracking-vs-secure-pool,sign,9,9,b-then-a,mini-tracking,222506000,mini-secure-pool,876245000
mini-tracking-vs-secure-pool,sign,10,10,a-then-b,mini-tracking,189056000,mini-secure-pool,747324000
mini-tracking-vs-secure-pool,sign,11,11,b-then-a,mini-tracking,166432000,mini-secure-pool,664468000
mini-tracking-vs-secure-pool,sign,12,12,a-then-b,mini-tracking,159629000,mini-secure-pool,692210000
mini-tracking-vs-secure-pool,sign,13,13,b-then-a,mini-tracking,124040000,mini-secure-pool,653515000
mini-tracking-vs-secure-pool,sign,14,14,a-then-b,mini-tracking,114159000,mini-secure-pool,619408000
mini-tracking-vs-secure-pool,sign,15,0,b-then-a,mini-tracking,177572000,mini-secure-pool,690411000
mini-tracking-vs-secure-pool,sign,16,1,a-then-b,mini-tracking,133442000,mini-secure-pool,706979000
mini-tracking-vs-secure-pool,sign,17,2,b-then-a,mini-tracking,154031000,mini-secure-pool,660488000
mini-tracking-vs-secure-pool,sign,18,3,a-then-b,mini-tracking,147199000,mini-secure-pool,656477000
mini-tracking-vs-secure-pool,sign,19,4,b-then-a,mini-tracking,179686000,mini-secure-pool,708315000
mini-tracking-vs-secure-pool,sign,20,5,a-then-b,mini-tracking,162131000,mini-secure-pool,677036000
mini-tracking-vs-secure-pool,sign,21,6,b-then-a,mini-tracking,187051000,mini-secure-pool,717688000
mini-tracking-vs-secure-pool,sign,22,7,a-then-b,mini-tracking,131112000,mini-secure-pool,630908000
mini-tracking-vs-secure-pool,sign,23,8,b-then-a,mini-tracking,138531000,mini-secure-pool,769326000
mini-tracking-vs-secure-pool,sign,24,9,a-then-b,mini-tracking,223081000,mini-secure-pool,880019000
mini-tracking-vs-secure-pool,sign,25,10,b-then-a,mini-tracking,189659000,mini-secure-pool,745912000
mini-tracking-vs-secure-pool,sign,26,11,a-then-b,mini-tracking,166465000,mini-secure-pool,664500000
mini-tracking-vs-secure-pool,sign,27,12,b-then-a,mini-tracking,160408000,mini-secure-pool,689605000
mini-tracking-vs-secure-pool,sign,28,13,a-then-b,mini-tracking,124642000,mini-secure-pool,651707000
mini-tracking-vs-secure-pool,sign,29,14,b-then-a,mini-tracking,114057000,mini-secure-pool,617710000
mini-tracking-vs-secure-pool,verify,0,0,a-then-b,mini-tracking,5559000,mini-secure-pool,5562000
mini-tracking-vs-secure-pool,verify,1,1,b-then-a,mini-tracking,5497000,mini-secure-pool,5533000
mini-tracking-vs-secure-pool,verify,2,2,a-then-b,mini-tracking,5451000,mini-secure-pool,5458000
mini-tracking-vs-secure-pool,verify,3,3,b-then-a,mini-tracking,5582000,mini-secure-pool,5590000
mini-tracking-vs-secure-pool,verify,4,4,a-then-b,mini-tracking,5542000,mini-secure-pool,5516000
mini-tracking-vs-secure-pool,verify,5,5,b-then-a,mini-tracking,5539000,mini-secure-pool,5542000
mini-tracking-vs-secure-pool,verify,6,6,a-then-b,mini-tracking,5571000,mini-secure-pool,5547000
mini-tracking-vs-secure-pool,verify,7,7,b-then-a,mini-tracking,5546000,mini-secure-pool,5533000
mini-tracking-vs-secure-pool,verify,8,8,a-then-b,mini-tracking,5472000,mini-secure-pool,5483000
mini-tracking-vs-secure-pool,verify,9,9,b-then-a,mini-tracking,5517000,mini-secure-pool,5510000
mini-tracking-vs-secure-pool,verify,10,10,a-then-b,mini-tracking,5548000,mini-secure-pool,5533000
mini-tracking-vs-secure-pool,verify,11,11,b-then-a,mini-tracking,5499000,mini-secure-pool,5515000
mini-tracking-vs-secure-pool,verify,12,12,a-then-b,mini-tracking,5565000,mini-secure-pool,5557000
mini-tracking-vs-secure-pool,verify,13,13,b-then-a,mini-tracking,5514000,mini-secure-pool,5505000
mini-tracking-vs-secure-pool,verify,14,14,a-then-b,mini-tracking,5491000,mini-secure-pool,5552000
mini-tracking-vs-secure-pool,verify,15,0,b-then-a,mini-tracking,5556000,mini-secure-pool,5573000
mini-tracking-vs-secure-pool,verify,16,1,a-then-b,mini-tracking,5488000,mini-secure-pool,5498000
mini-tracking-vs-secure-pool,verify,17,2,b-then-a,mini-tracking,5444000,mini-secure-pool,5436000
mini-tracking-vs-secure-pool,verify,18,3,a-then-b,mini-tracking,5589000,mini-secure-pool,5567000
mini-tracking-vs-secure-pool,verify,19,4,b-then-a,mini-tracking,5518000,mini-secure-pool,5537000
mini-tracking-vs-secure-pool,verify,20,5,a-then-b,mini-tracking,5518000,mini-secure-pool,5520000
mini-tracking-vs-secure-pool,verify,21,6,b-then-a,mini-tracking,5559000,mini-secure-pool,5556000
mini-tracking-vs-secure-pool,verify,22,7,a-then-b,mini-tracking,5515000,mini-secure-pool,5497000
mini-tracking-vs-secure-pool,verify,23,8,b-then-a,mini-tracking,5496000,mini-secure-pool,5502000
mini-tracking-vs-secure-pool,verify,24,9,a-then-b,mini-tracking,5492000,mini-secure-pool,5498000
mini-tracking-vs-secure-pool,verify,25,10,b-then-a,mini-tracking,5520000,mini-secure-pool,5590000
mini-tracking-vs-secure-pool,verify,26,11,a-then-b,mini-tracking,5525000,mini-secure-pool,5504000
mini-tracking-vs-secure-pool,verify,27,12,b-then-a,mini-tracking,5577000,mini-secure-pool,5547000
mini-tracking-vs-secure-pool,verify,28,13,a-then-b,mini-tracking,5531000,mini-secure-pool,5542000
mini-tracking-vs-secure-pool,verify,29,14,b-then-a,mini-tracking,5525000,mini-secure-pool,5513000
