dataset,pair,class,execution_order,seed,guard_count,edge_events,edge_unique,edge_hash1,edge_hash2,edge_capture_events,edge_capture_truncated,load_events,store_events,memory_hash1,memory_hash2,memory_capture_events,memory_capture_truncated,signature_fnv64,pair_edge_equal,pair_memory_equal,first_edge_diff_index,first_edge_a_pc,first_edge_b_pc,first_memory_diff_index,first_memory_a_event,first_memory_b_event,image_base,status
control,0,A,0,0,4572,4000000,547,61cd73e6fffc8120,8861d5a03fa7d0fc,4000000,1,0,0,14650fb0739d0383,bb67ae8584caa73b,0,0,8648a14ba3eb0bee,1,1,-1,0000000000000000,0000000000000000,-1,0000000000000000,0000000000000000,0000000102640000,PASS
control,0,B,1,0,4572,4000000,547,61cd73e6fffc8120,8861d5a03fa7d0fc,4000000,1,0,0,14650fb0739d0383,bb67ae8584caa73b,0,0,8648a14ba3eb0bee,1,1,-1,0000000000000000,0000000000000000,-1,0000000000000000,0000000000000000,0000000102640000,PASS
fixed-random,0,A,0,0,4572,4000000,547,61cd73e6fffc8120,8861d5a03fa7d0fc,4000000,1,0,0,14650fb0739d0383,bb67ae8584caa73b,0,0,8648a14ba3eb0bee,0,1,1767715,000000010265e49c,000000010265e480,-1,0000000000000000,0000000000000000,0000000102640000,PASS
fixed-random,0,B,1,1,4572,4000000,547,88640cf5f1309951,9e3b7ebefd2bb3ac,4000000,1,0,0,14650fb0739d0383,bb67ae8584caa73b,0,0,b04dc58d8cf75e4f,0,1,1767715,000000010265e49c,000000010265e480,-1,0000000000000000,0000000000000000,0000000102640000,PASS
fixed-random,1,A,1,0,4572,4000000,547,61cd73e6fffc8120,8861d5a03fa7d0fc,4000000,1,0,0,14650fb0739d0383,bb67ae8584caa73b,0,0,8648a14ba3eb0bee,0,1,1767695,000000010265e384,000000010265e368,-1,0000000000000000,0000000000000000,0000000102640000,PASS
fixed-random,1,B,0,2,4572,4000000,537,ba3f7ecdfe5a1e70,ccd9185547a6b2a7,4000000,1,0,0,14650fb0739d0383,bb67ae8584caa73b,0,0,934a77d43a5853bb,0,1,1767695,000000010265e384,000000010265e368,-1,0000000000000000,0000000000000000,0000000102640000,PASS
fixed-random,2,A,0,0,4572,4000000,547,61cd73e6fffc8120,8861d5a03fa7d0fc,4000000,1,0,0,14650fb0739d0383,bb67ae8584caa73b,0,0,8648a14ba3eb0bee,0,1,1767695,000000010265e384,000000010265e368,-1,0000000000000000,0000000000000000,0000000102640000,PASS
fixed-random,2,B,1,3,4572,4000000,536,920707f8b34a389b,e5479166b7a69602,4000000,1,0,0,14650fb0739d0383,bb67ae8584caa73b,0,0,8016e0b56e03ed26,0,1,1767695,000000010265e384,000000010265e368,-1,0000000000000000,0000000000000000,0000000102640000,PASS
fixed-random,3,A,1,0,4572,4000000,547,61cd73e6fffc8120,8861d5a03fa7d0fc,4000000,1,0,0,14650fb0739d0383,bb67ae8584caa73b,0,0,8648a14ba3eb0bee,0,1,1769252,000000010264daf0,000000010264dc80,-1,0000000000000000,0000000000000000,0000000102640000,PASS
fixed-random,3,B,0,5,4572,4000000,547,8019a88cc2e385cf,176f9d35405c2dd3,4000000,1,0,0,14650fb0739d0383,bb67ae8584caa73b,0,0,dacf969ad229b36e,0,1,1769252,000000010264daf0,000000010264dc80,-1,0000000000000000,0000000000000000,0000000102640000,PASS
