dataset,pair,class,execution_order,seed,guard_count,edge_events,edge_unique,edge_hash1,edge_hash2,edge_capture_events,edge_capture_truncated,load_events,store_events,memory_hash1,memory_hash2,memory_capture_events,memory_capture_truncated,signature_fnv64,pair_edge_equal,pair_memory_equal,first_edge_diff_index,first_edge_a_pc,first_edge_b_pc,first_memory_diff_index,first_memory_a_event,first_memory_b_event,first_memory_a_site_pc,first_memory_b_site_pc,image_base,status
control,0,A,0,0,222,997252,85,7b9058c5acf73d72,0e4e30268f17a260,997252,0,3455535,544465,d827af6d0a19931b,137f1ad024a0b938,4000000,1,8648a14ba3eb0bee,1,1,-1,0000000000000000,0000000000000000,-1,0000000000000000,0000000000000000,0000000000000000,0000000000000000,0000000104148000,PASS
control,0,B,1,0,222,997252,85,7b9058c5acf73d72,0e4e30268f17a260,997252,0,3455535,544465,d827af6d0a19931b,137f1ad024a0b938,4000000,1,8648a14ba3eb0bee,1,1,-1,0000000000000000,0000000000000000,-1,0000000000000000,0000000000000000,0000000000000000,0000000000000000,0000000104148000,PASS
fixed-random,0,A,0,0,222,997252,85,7b9058c5acf73d72,0e4e30268f17a260,997252,0,3455535,544465,d827af6d0a19931b,137f1ad024a0b938,4000000,1,8648a14ba3eb0bee,0,0,668249,000000010415fec0,000000010415fea4,3026431,080000010418dff0,080000016bcad890,0000000104155f3c,0000000104155f3c,0000000104148000,PASS
fixed-random,0,B,1,1,222,996908,86,afc53588fdcb1068,a3d4c4555343509b,996908,0,3455366,544634,3680196b179cb1b3,270d5dd79802fe56,4000000,1,b04dc58d8cf75e4f,0,0,668249,000000010415fec0,000000010415fea4,3026431,080000010418dff0,080000016bcad890,0000000104155f3c,0000000104155f3c,0000000104148000,PASS
fixed-random,1,A,1,0,222,997252,85,7b9058c5acf73d72,0e4e30268f17a260,997252,0,3455535,544465,d827af6d0a19931b,137f1ad024a0b938,4000000,1,8648a14ba3eb0bee,0,0,668229,000000010415fda8,000000010415fd8c,3026298,080000010418dc90,080000016bcad7b8,0000000104155f3c,0000000104155f3c,0000000104148000,PASS
fixed-random,1,B,0,2,222,998082,84,45e06bdad2b1ad9c,6959f1aeb4940dab,998082,0,3455908,544092,a879a4881adfb2eb,03e06a4eefdbb3ae,4000000,1,934a77d43a5853bb,0,0,668229,000000010415fda8,000000010415fd8c,3026298,080000010418dc90,080000016bcad7b8,0000000104155f3c,0000000104155f3c,0000000104148000,PASS
fixed-random,2,A,0,0,222,997252,85,7b9058c5acf73d72,0e4e30268f17a260,997252,0,3455535,544465,d827af6d0a19931b,137f1ad024a0b938,4000000,1,8648a14ba3eb0bee,0,0,668229,000000010415fda8,000000010415fd8c,3026298,080000010418dc90,080000016bcad7b8,0000000104155f3c,0000000104155f3c,0000000104148000,PASS
fixed-random,2,B,1,3,222,997910,84,64a1dc25748fb04b,062a03f607b577dd,997910,0,3454054,545946,2155d229088372c3,f3c0a18823bbdd8c,4000000,1,8016e0b56e03ed26,0,0,668229,000000010415fda8,000000010415fd8c,3026298,080000010418dc90,080000016bcad7b8,0000000104155f3c,0000000104155f3c,0000000104148000,PASS
fixed-random,3,A,1,0,222,997252,85,7b9058c5acf73d72,0e4e30268f17a260,997252,0,3455535,544465,d827af6d0a19931b,137f1ad024a0b938,4000000,1,8648a14ba3eb0bee,0,0,669440,0000000104153348,000000010415340c,3033316,080000016bca7490,080000016bca74d8,000000010415380c,00000001041536fc,0000000104148000,PASS
fixed-random,3,B,0,5,222,998317,85,c7ecf76781084188,9ad836d5e9143304,998317,0,3455150,544850,d524f8a24e8432bb,2327b50a2badf7fa,4000000,1,dacf969ad229b36e,0,0,669440,0000000104153348,000000010415340c,3033316,080000016bca7490,080000016bca74d8,000000010415380c,00000001041536fc,0000000104148000,PASS
