implementation,run,dataset,pair,class,execution_order,key,guard_count,edge_events,edge_unique,edge_hash1,edge_hash2,edge_capture_events,edge_capture_truncated,load_events,store_events,memory_hash1,memory_hash2,memory_capture_events,memory_capture_truncated,signature_fnv64,pair_edge_equal,pair_memory_equal,first_edge_diff_index,first_edge_a_pc,first_edge_b_pc,first_memory_diff_index,first_memory_a_event,first_memory_b_event,image_base,status
official,a,control,0,A,0,0,3125,69998022,1565,e7b097883965323b,ca4ea8617737517e,2000000,1,280913764,77375529,86c54c95443d9fc5,4d1feeb4b273b32f,2000000,1,0617d6741d8fd4e4,1,1,-1,0000000000000000,0000000000000000,-1,0000000000000000,0000000000000000,0000000104a0c000,PASS
official,a,control,0,B,1,0,3125,69998022,1565,e7b097883965323b,ca4ea8617737517e,2000000,1,280913764,77375529,86c54c95443d9fc5,4d1feeb4b273b32f,2000000,1,0617d6741d8fd4e4,1,1,-1,0000000000000000,0000000000000000,-1,0000000000000000,0000000000000000,0000000104a0c000,PASS
official,a,control,1,A,1,0,3125,69998022,1565,e7b097883965323b,ca4ea8617737517e,2000000,1,280913764,77375529,86c54c95443d9fc5,4d1feeb4b273b32f,2000000,1,0617d6741d8fd4e4,1,1,-1,0000000000000000,0000000000000000,-1,0000000000000000,0000000000000000,0000000104a0c000,PASS
official,a,control,1,B,0,0,3125,69998022,1565,e7b097883965323b,ca4ea8617737517e,2000000,1,280913764,77375529,86c54c95443d9fc5,4d1feeb4b273b32f,2000000,1,0617d6741d8fd4e4,1,1,-1,0000000000000000,0000000000000000,-1,0000000000000000,0000000000000000,0000000104a0c000,PASS
official,a,different-key,0,A,0,0,3125,69998022,1565,e7b097883965323b,ca4ea8617737517e,2000000,1,280913764,77375529,86c54c95443d9fc5,4d1feeb4b273b32f,2000000,1,0617d6741d8fd4e4,0,0,-1,0000000000000000,0000000000000000,-1,0000000000000000,0000000000000000,0000000104a0c000,PASS
official,a,different-key,0,B,1,1,3125,24145027,1558,b9c54ee70cb95f47,de16aa2cd8542f4e,2000000,1,199798428,72273399,767b57fb25746b03,b84688f623d899fe,2000000,1,00d7bdc064a43a01,0,0,-1,0000000000000000,0000000000000000,-1,0000000000000000,0000000000000000,0000000104a0c000,PASS
official,a,different-key,1,A,1,0,3125,69998022,1565,e7b097883965323b,ca4ea8617737517e,2000000,1,280913764,77375529,86c54c95443d9fc5,4d1feeb4b273b32f,2000000,1,0617d6741d8fd4e4,0,0,-1,0000000000000000,0000000000000000,-1,0000000000000000,0000000000000000,0000000104a0c000,PASS
official,a,different-key,1,B,0,2,3125,30840868,1565,d0aaa7325deca251,3e9e90d77db25a37,2000000,1,212285813,72374815,03d3ecc1de897ffe,f73eed0810664df3,2000000,1,8377eaac40e0e967,0,0,-1,0000000000000000,0000000000000000,-1,0000000000000000,0000000000000000,0000000104a0c000,PASS
official,a,different-key,2,A,0,0,3125,69998022,1565,e7b097883965323b,ca4ea8617737517e,2000000,1,280913764,77375529,86c54c95443d9fc5,4d1feeb4b273b32f,2000000,1,0617d6741d8fd4e4,0,0,-1,0000000000000000,0000000000000000,-1,0000000000000000,0000000000000000,0000000104a0c000,PASS
official,a,different-key,2,B,1,3,3125,33220211,1575,124c8edb69d3f66d,7a7450097a865a23,2000000,1,216340272,73046896,44b449fa21855971,1eb4184d96a48679,2000000,1,cbf924fdba614a84,0,0,-1,0000000000000000,0000000000000000,-1,0000000000000000,0000000000000000,0000000104a0c000,PASS
official,a,different-key,3,A,1,0,3125,69998022,1565,e7b097883965323b,ca4ea8617737517e,2000000,1,280913764,77375529,86c54c95443d9fc5,4d1feeb4b273b32f,2000000,1,0617d6741d8fd4e4,0,0,-1,0000000000000000,0000000000000000,-1,0000000000000000,0000000000000000,0000000104a0c000,PASS
official,a,different-key,3,B,0,4,3125,24319185,1572,9856c3d16e8bc3a9,7060c573141d7625,2000000,1,200070764,72226728,71afcefdb7e94543,c14995233490378d,2000000,1,267be939651e4196,0,0,-1,0000000000000000,0000000000000000,-1,0000000000000000,0000000000000000,0000000104a0c000,PASS
official,a,different-key,4,A,0,0,3125,69998022,1565,e7b097883965323b,ca4ea8617737517e,2000000,1,280913764,77375529,86c54c95443d9fc5,4d1feeb4b273b32f,2000000,1,0617d6741d8fd4e4,0,0,-1,0000000000000000,0000000000000000,-1,0000000000000000,0000000000000000,0000000104a0c000,PASS
official,a,different-key,4,B,1,5,3125,40555423,1561,f963559a0c9dfbc4,2ee76843d1ac047b,2000000,1,229657994,73622590,c6a83afe210d4cfc,ef0b2a8b7b0f2cf6,2000000,1,1fdd60a5d4da0c58,0,0,-1,0000000000000000,0000000000000000,-1,0000000000000000,0000000000000000,0000000104a0c000,PASS
official,a,different-key,5,A,1,0,3125,69998022,1565,e7b097883965323b,ca4ea8617737517e,2000000,1,280913764,77375529,86c54c95443d9fc5,4d1feeb4b273b32f,2000000,1,0617d6741d8fd4e4,0,0,-1,0000000000000000,0000000000000000,-1,0000000000000000,0000000000000000,0000000104a0c000,PASS
official,a,different-key,5,B,0,6,3125,22947011,1561,f7b35a0be4b0f69c,6dc31a14b5ea67ba,2000000,1,198478967,71290903,45421b3f6f8c89c2,58fc68728375251e,2000000,1,42b7d92684927db5,0,0,-1,0000000000000000,0000000000000000,-1,0000000000000000,0000000000000000,0000000104a0c000,PASS
official,a,different-key,6,A,0,0,3125,69998022,1565,e7b097883965323b,ca4ea8617737517e,2000000,1,280913764,77375529,86c54c95443d9fc5,4d1feeb4b273b32f,2000000,1,0617d6741d8fd4e4,0,0,-1,0000000000000000,0000000000000000,-1,0000000000000000,0000000000000000,0000000104a0c000,PASS
official,a,different-key,6,B,1,7,3125,31955580,1575,1199d2e4a06789d4,3d139b6d4a1b2423,2000000,1,214510298,72387104,313f8e9846e2d585,2957913f64d26ba7,2000000,1,e6a4fb77cd98825a,0,0,-1,0000000000000000,0000000000000000,-1,0000000000000000,0000000000000000,0000000104a0c000,PASS
official,a,different-key,7,A,1,0,3125,69998022,1565,e7b097883965323b,ca4ea8617737517e,2000000,1,280913764,77375529,86c54c95443d9fc5,4d1feeb4b273b32f,2000000,1,0617d6741d8fd4e4,0,0,-1,0000000000000000,0000000000000000,-1,0000000000000000,0000000000000000,0000000104a0c000,PASS
official,a,different-key,7,B,0,8,3125,22853500,1562,6d118d50f30aadb0,d4f0b7e8cd49a86a,2000000,1,199034747,70818013,a5474ffcb8e47939,954a85515c5ffca9,2000000,1,65f7bb9d831e4524,0,0,-1,0000000000000000,0000000000000000,-1,0000000000000000,0000000000000000,0000000104a0c000,PASS
official,a,different-key,8,A,0,0,3125,69998022,1565,e7b097883965323b,ca4ea8617737517e,2000000,1,280913764,77375529,86c54c95443d9fc5,4d1feeb4b273b32f,2000000,1,0617d6741d8fd4e4,0,0,-1,0000000000000000,0000000000000000,-1,0000000000000000,0000000000000000,0000000104a0c000,PASS
official,a,different-key,8,B,1,9,3125,23504339,1560,60c9330bbfefc34b,e02c35fa6c961714,2000000,1,200230485,70864235,8aa42d8ce9aae705,2c0f5093222eb482,2000000,1,1dd01d463a1ae956,0,0,-1,0000000000000000,0000000000000000,-1,0000000000000000,0000000000000000,0000000104a0c000,PASS
official,b,control,0,A,0,0,3125,69998022,1565,e7b097883965323b,ca4ea8617737517e,2000000,1,280913764,77375529,871dbe95a3b8dfc5,32f5cc80259e7475,2000000,1,0617d6741d8fd4e4,1,1,-1,0000000000000000,0000000000000000,-1,0000000000000000,0000000000000000,0000000104f60000,PASS
official,b,control,0,B,1,0,3125,69998022,1565,e7b097883965323b,ca4ea8617737517e,2000000,1,280913764,77375529,871dbe95a3b8dfc5,32f5cc80259e7475,2000000,1,0617d6741d8fd4e4,1,1,-1,0000000000000000,0000000000000000,-1,0000000000000000,0000000000000000,0000000104f60000,PASS
official,b,control,1,A,1,0,3125,69998022,1565,e7b097883965323b,ca4ea8617737517e,2000000,1,280913764,77375529,871dbe95a3b8dfc5,32f5cc80259e7475,2000000,1,0617d6741d8fd4e4,1,1,-1,0000000000000000,0000000000000000,-1,0000000000000000,0000000000000000,0000000104f60000,PASS
official,b,control,1,B,0,0,3125,69998022,1565,e7b097883965323b,ca4ea8617737517e,2000000,1,280913764,77375529,871dbe95a3b8dfc5,32f5cc80259e7475,2000000,1,0617d6741d8fd4e4,1,1,-1,0000000000000000,0000000000000000,-1,0000000000000000,0000000000000000,0000000104f60000,PASS
official,b,different-key,0,A,0,0,3125,69998022,1565,e7b097883965323b,ca4ea8617737517e,2000000,1,280913764,77375529,871dbe95a3b8dfc5,32f5cc80259e7475,2000000,1,0617d6741d8fd4e4,0,0,-1,0000000000000000,0000000000000000,-1,0000000000000000,0000000000000000,0000000104f60000,PASS
official,b,different-key,0,B,1,1,3125,24145027,1558,b9c54ee70cb95f47,de16aa2cd8542f4e,2000000,1,199798428,72273399,e58b7b072384ab03,bb78e01f92be0d15,2000000,1,00d7bdc064a43a01,0,0,-1,0000000000000000,0000000000000000,-1,0000000000000000,0000000000000000,0000000104f60000,PASS
official,b,different-key,1,A,1,0,3125,69998022,1565,e7b097883965323b,ca4ea8617737517e,2000000,1,280913764,77375529,871dbe95a3b8dfc5,32f5cc80259e7475,2000000,1,0617d6741d8fd4e4,0,0,-1,0000000000000000,0000000000000000,-1,0000000000000000,0000000000000000,0000000104f60000,PASS
official,b,different-key,1,B,0,2,3125,30840868,1565,d0aaa7325deca251,3e9e90d77db25a37,2000000,1,212285813,72374815,0b0c4fa4ef6afffe,3d535f05d64ea9f7,2000000,1,8377eaac40e0e967,0,0,-1,0000000000000000,0000000000000000,-1,0000000000000000,0000000000000000,0000000104f60000,PASS
official,b,different-key,2,A,0,0,3125,69998022,1565,e7b097883965323b,ca4ea8617737517e,2000000,1,280913764,77375529,871dbe95a3b8dfc5,32f5cc80259e7475,2000000,1,0617d6741d8fd4e4,0,0,-1,0000000000000000,0000000000000000,-1,0000000000000000,0000000000000000,0000000104f60000,PASS
official,b,different-key,2,B,1,3,3125,33220211,1575,124c8edb69d3f66d,7a7450097a865a23,2000000,1,216340272,73046896,9f1ed11d45a7d971,619ac7d11ea3569d,2000000,1,cbf924fdba614a84,0,0,-1,0000000000000000,0000000000000000,-1,0000000000000000,0000000000000000,0000000104f60000,PASS
official,b,different-key,3,A,1,0,3125,69998022,1565,e7b097883965323b,ca4ea8617737517e,2000000,1,280913764,77375529,871dbe95a3b8dfc5,32f5cc80259e7475,2000000,1,0617d6741d8fd4e4,0,0,-1,0000000000000000,0000000000000000,-1,0000000000000000,0000000000000000,0000000104f60000,PASS
official,b,different-key,3,B,0,4,3125,24319185,1572,9856c3d16e8bc3a9,7060c573141d7625,2000000,1,200070764,72226728,89f716aef394c543,c960ccb7c9bbabe9,2000000,1,267be939651e4196,0,0,-1,0000000000000000,0000000000000000,-1,0000000000000000,0000000000000000,0000000104f60000,PASS
official,b,different-key,4,A,0,0,3125,69998022,1565,e7b097883965323b,ca4ea8617737517e,2000000,1,280913764,77375529,871dbe95a3b8dfc5,32f5cc80259e7475,2000000,1,0617d6741d8fd4e4,0,0,-1,0000000000000000,0000000000000000,-1,0000000000000000,0000000000000000,0000000104f60000,PASS
official,b,different-key,4,B,1,5,3125,40555423,1561,f963559a0c9dfbc4,2ee76843d1ac047b,2000000,1,229657994,73622590,f557074a3902ccfc,1e85d01e04ae3f1d,2000000,1,1fdd60a5d4da0c58,0,0,-1,0000000000000000,0000000000000000,-1,0000000000000000,0000000000000000,0000000104f60000,PASS
official,b,different-key,5,A,1,0,3125,69998022,1565,e7b097883965323b,ca4ea8617737517e,2000000,1,280913764,77375529,871dbe95a3b8dfc5,32f5cc80259e7475,2000000,1,0617d6741d8fd4e4,0,0,-1,0000000000000000,0000000000000000,-1,0000000000000000,0000000000000000,0000000104f60000,PASS
official,b,different-key,5,B,0,6,3125,22947011,1561,f7b35a0be4b0f69c,6dc31a14b5ea67ba,2000000,1,198478967,71290903,f80bf45ef8d809c2,603c55ad93f44c3c,2000000,1,42b7d92684927db5,0,0,-1,0000000000000000,0000000000000000,-1,0000000000000000,0000000000000000,0000000104f60000,PASS
official,b,different-key,6,A,0,0,3125,69998022,1565,e7b097883965323b,ca4ea8617737517e,2000000,1,280913764,77375529,871dbe95a3b8dfc5,32f5cc80259e7475,2000000,1,0617d6741d8fd4e4,0,0,-1,0000000000000000,0000000000000000,-1,0000000000000000,0000000000000000,0000000104f60000,PASS
official,b,different-key,6,B,1,7,3125,31955580,1575,1199d2e4a06789d4,3d139b6d4a1b2423,2000000,1,214510298,72387104,001b8054635d5585,2b4316ec31093924,2000000,1,e6a4fb77cd98825a,0,0,-1,0000000000000000,0000000000000000,-1,0000000000000000,0000000000000000,0000000104f60000,PASS
official,b,different-key,7,A,1,0,3125,69998022,1565,e7b097883965323b,ca4ea8617737517e,2000000,1,280913764,77375529,871dbe95a3b8dfc5,32f5cc80259e7475,2000000,1,0617d6741d8fd4e4,0,0,-1,0000000000000000,0000000000000000,-1,0000000000000000,0000000000000000,0000000104f60000,PASS
official,b,different-key,7,B,0,8,3125,22853500,1562,6d118d50f30aadb0,d4f0b7e8cd49a86a,2000000,1,199034747,70818013,0f18e69d08b17939,f53388d3c2485158,2000000,1,65f7bb9d831e4524,0,0,-1,0000000000000000,0000000000000000,-1,0000000000000000,0000000000000000,0000000104f60000,PASS
official,b,different-key,8,A,0,0,3125,69998022,1565,e7b097883965323b,ca4ea8617737517e,2000000,1,280913764,77375529,871dbe95a3b8dfc5,32f5cc80259e7475,2000000,1,0617d6741d8fd4e4,0,0,-1,0000000000000000,0000000000000000,-1,0000000000000000,0000000000000000,0000000104f60000,PASS
official,b,different-key,8,B,1,9,3125,23504339,1560,60c9330bbfefc34b,e02c35fa6c961714,2000000,1,200230485,70864235,bed9677fa126e705,f135da978e51f94a,2000000,1,1dd01d463a1ae956,0,0,-1,0000000000000000,0000000000000000,-1,0000000000000000,0000000000000000,0000000104f60000,PASS
d1,a,control,0,A,0,0,3125,69998022,1565,e7b097883965323b,ca4ea8617737517e,2000000,1,280913764,77375529,344a5953f83994a5,2b825cf183af6619,2000000,1,0617d6741d8fd4e4,1,1,-1,0000000000000000,0000000000000000,-1,0000000000000000,0000000000000000,0000000102970000,PASS
d1,a,control,0,B,1,0,3125,69998022,1565,e7b097883965323b,ca4ea8617737517e,2000000,1,280913764,77375529,344a5953f83994a5,2b825cf183af6619,2000000,1,0617d6741d8fd4e4,1,1,-1,0000000000000000,0000000000000000,-1,0000000000000000,0000000000000000,0000000102970000,PASS
d1,a,control,1,A,1,0,3125,69998022,1565,e7b097883965323b,ca4ea8617737517e,2000000,1,280913764,77375529,344a5953f83994a5,2b825cf183af6619,2000000,1,0617d6741d8fd4e4,1,1,-1,0000000000000000,0000000000000000,-1,0000000000000000,0000000000000000,0000000102970000,PASS
d1,a,control,1,B,0,0,3125,69998022,1565,e7b097883965323b,ca4ea8617737517e,2000000,1,280913764,77375529,344a5953f83994a5,2b825cf183af6619,2000000,1,0617d6741d8fd4e4,1,1,-1,0000000000000000,0000000000000000,-1,0000000000000000,0000000000000000,0000000102970000,PASS
d1,a,different-key,0,A,0,0,3125,69998022,1565,e7b097883965323b,ca4ea8617737517e,2000000,1,280913764,77375529,344a5953f83994a5,2b825cf183af6619,2000000,1,0617d6741d8fd4e4,0,0,-1,0000000000000000,0000000000000000,-1,0000000000000000,0000000000000000,0000000102970000,PASS
d1,a,different-key,0,B,1,1,3125,24145027,1558,b9c54ee70cb95f47,de16aa2cd8542f4e,2000000,1,199798428,72273399,b2bcb6dc47370b33,1ec547ea08eeafe8,2000000,1,00d7bdc064a43a01,0,0,-1,0000000000000000,0000000000000000,-1,0000000000000000,0000000000000000,0000000102970000,PASS
d1,a,different-key,1,A,1,0,3125,69998022,1565,e7b097883965323b,ca4ea8617737517e,2000000,1,280913764,77375529,344a5953f83994a5,2b825cf183af6619,2000000,1,0617d6741d8fd4e4,0,0,-1,0000000000000000,0000000000000000,-1,0000000000000000,0000000000000000,0000000102970000,PASS
d1,a,different-key,1,B,0,2,3125,30840868,1565,d0aaa7325deca251,3e9e90d77db25a37,2000000,1,212285813,72374815,6e550ccfc5d3d8ee,85bfbdefef731e80,2000000,1,8377eaac40e0e967,0,0,-1,0000000000000000,0000000000000000,-1,0000000000000000,0000000000000000,0000000102970000,PASS
d1,a,different-key,2,A,0,0,3125,69998022,1565,e7b097883965323b,ca4ea8617737517e,2000000,1,280913764,77375529,344a5953f83994a5,2b825cf183af6619,2000000,1,0617d6741d8fd4e4,0,0,-1,0000000000000000,0000000000000000,-1,0000000000000000,0000000000000000,0000000102970000,PASS
d1,a,different-key,2,B,1,3,3125,33220211,1575,124c8edb69d3f66d,7a7450097a865a23,2000000,1,216340272,73046896,778f6e1a9420df41,2e92adac136460ac,2000000,1,cbf924fdba614a84,0,0,-1,0000000000000000,0000000000000000,-1,0000000000000000,0000000000000000,0000000102970000,PASS
d1,a,different-key,3,A,1,0,3125,69998022,1565,e7b097883965323b,ca4ea8617737517e,2000000,1,280913764,77375529,344a5953f83994a5,2b825cf183af6619,2000000,1,0617d6741d8fd4e4,0,0,-1,0000000000000000,0000000000000000,-1,0000000000000000,0000000000000000,0000000102970000,PASS
d1,a,different-key,3,B,0,4,3125,24319185,1572,9856c3d16e8bc3a9,7060c573141d7625,2000000,1,200070764,72226728,864eda185f8ffd93,663f3a9209318df9,2000000,1,267be939651e4196,0,0,-1,0000000000000000,0000000000000000,-1,0000000000000000,0000000000000000,0000000102970000,PASS
d1,a,different-key,4,A,0,0,3125,69998022,1565,e7b097883965323b,ca4ea8617737517e,2000000,1,280913764,77375529,344a5953f83994a5,2b825cf183af6619,2000000,1,0617d6741d8fd4e4,0,0,-1,0000000000000000,0000000000000000,-1,0000000000000000,0000000000000000,0000000102970000,PASS
d1,a,different-key,4,B,1,5,3125,40555423,1561,f963559a0c9dfbc4,2ee76843d1ac047b,2000000,1,229657994,73622590,777bcb61122c384c,0bea0705685b97ab,2000000,1,1fdd60a5d4da0c58,0,0,-1,0000000000000000,0000000000000000,-1,0000000000000000,0000000000000000,0000000102970000,PASS
d1,a,different-key,5,A,1,0,3125,69998022,1565,e7b097883965323b,ca4ea8617737517e,2000000,1,280913764,77375529,344a5953f83994a5,2b825cf183af6619,2000000,1,0617d6741d8fd4e4,0,0,-1,0000000000000000,0000000000000000,-1,0000000000000000,0000000000000000,0000000102970000,PASS
d1,a,different-key,5,B,0,6,3125,22947011,1561,f7b35a0be4b0f69c,6dc31a14b5ea67ba,2000000,1,198478967,71290903,d0d5549c0d8c0192,0e1df31dcdd0a66b,2000000,1,42b7d92684927db5,0,0,-1,0000000000000000,0000000000000000,-1,0000000000000000,0000000000000000,0000000102970000,PASS
d1,a,different-key,6,A,0,0,3125,69998022,1565,e7b097883965323b,ca4ea8617737517e,2000000,1,280913764,77375529,344a5953f83994a5,2b825cf183af6619,2000000,1,0617d6741d8fd4e4,0,0,-1,0000000000000000,0000000000000000,-1,0000000000000000,0000000000000000,0000000102970000,PASS
d1,a,different-key,6,B,1,7,3125,31955580,1575,1199d2e4a06789d4,3d139b6d4a1b2423,2000000,1,214510298,72387104,f36c22114f053875,af75d2233deeda9b,2000000,1,e6a4fb77cd98825a,0,0,-1,0000000000000000,0000000000000000,-1,0000000000000000,0000000000000000,0000000102970000,PASS
d1,a,different-key,7,A,1,0,3125,69998022,1565,e7b097883965323b,ca4ea8617737517e,2000000,1,280913764,77375529,344a5953f83994a5,2b825cf183af6619,2000000,1,0617d6741d8fd4e4,0,0,-1,0000000000000000,0000000000000000,-1,0000000000000000,0000000000000000,0000000102970000,PASS
d1,a,different-key,7,B,0,8,3125,22853500,1562,6d118d50f30aadb0,d4f0b7e8cd49a86a,2000000,1,199034747,70818013,05a2a2cbd3bb3299,eb2d9f889cf473e5,2000000,1,65f7bb9d831e4524,0,0,-1,0000000000000000,0000000000000000,-1,0000000000000000,0000000000000000,0000000102970000,PASS
d1,a,different-key,8,A,0,0,3125,69998022,1565,e7b097883965323b,ca4ea8617737517e,2000000,1,280913764,77375529,344a5953f83994a5,2b825cf183af6619,2000000,1,0617d6741d8fd4e4,0,0,-1,0000000000000000,0000000000000000,-1,0000000000000000,0000000000000000,0000000102970000,PASS
d1,a,different-key,8,B,1,9,3125,23504339,1560,60c9330bbfefc34b,e02c35fa6c961714,2000000,1,200230485,70864235,de463d422e7444c5,47897d118a34c234,2000000,1,1dd01d463a1ae956,0,0,-1,0000000000000000,0000000000000000,-1,0000000000000000,0000000000000000,0000000102970000,PASS
d1,b,control,0,A,0,0,3125,69998022,1565,e7b097883965323b,ca4ea8617737517e,2000000,1,280913764,77375529,65c9fb75576c94a5,2707afed7e399a8c,2000000,1,0617d6741d8fd4e4,1,1,-1,0000000000000000,0000000000000000,-1,0000000000000000,0000000000000000,00000001002a8000,PASS
d1,b,control,0,B,1,0,3125,69998022,1565,e7b097883965323b,ca4ea8617737517e,2000000,1,280913764,77375529,65c9fb75576c94a5,2707afed7e399a8c,2000000,1,0617d6741d8fd4e4,1,1,-1,0000000000000000,0000000000000000,-1,0000000000000000,0000000000000000,00000001002a8000,PASS
d1,b,control,1,A,1,0,3125,69998022,1565,e7b097883965323b,ca4ea8617737517e,2000000,1,280913764,77375529,65c9fb75576c94a5,2707afed7e399a8c,2000000,1,0617d6741d8fd4e4,1,1,-1,0000000000000000,0000000000000000,-1,0000000000000000,0000000000000000,00000001002a8000,PASS
d1,b,control,1,B,0,0,3125,69998022,1565,e7b097883965323b,ca4ea8617737517e,2000000,1,280913764,77375529,65c9fb75576c94a5,2707afed7e399a8c,2000000,1,0617d6741d8fd4e4,1,1,-1,0000000000000000,0000000000000000,-1,0000000000000000,0000000000000000,00000001002a8000,PASS
d1,b,different-key,0,A,0,0,3125,69998022,1565,e7b097883965323b,ca4ea8617737517e,2000000,1,280913764,77375529,65c9fb75576c94a5,2707afed7e399a8c,2000000,1,0617d6741d8fd4e4,0,0,-1,0000000000000000,0000000000000000,-1,0000000000000000,0000000000000000,00000001002a8000,PASS
d1,b,different-key,0,B,1,1,3125,24145027,1558,b9c54ee70cb95f47,de16aa2cd8542f4e,2000000,1,199798428,72273399,b995c8c06e658b33,5f9fd99c8c5a0ab9,2000000,1,00d7bdc064a43a01,0,0,-1,0000000000000000,0000000000000000,-1,0000000000000000,0000000000000000,00000001002a8000,PASS
d1,b,different-key,1,A,1,0,3125,69998022,1565,e7b097883965323b,ca4ea8617737517e,2000000,1,280913764,77375529,65c9fb75576c94a5,2707afed7e399a8c,2000000,1,0617d6741d8fd4e4,0,0,-1,0000000000000000,0000000000000000,-1,0000000000000000,0000000000000000,00000001002a8000,PASS
d1,b,different-key,1,B,0,2,3125,30840868,1565,d0aaa7325deca251,3e9e90d77db25a37,2000000,1,212285813,72374815,25f2a154159158ee,2c964e3e8799531f,2000000,1,8377eaac40e0e967,0,0,-1,0000000000000000,0000000000000000,-1,0000000000000000,0000000000000000,00000001002a8000,PASS
d1,b,different-key,2,A,0,0,3125,69998022,1565,e7b097883965323b,ca4ea8617737517e,2000000,1,280913764,77375529,65c9fb75576c94a5,2707afed7e399a8c,2000000,1,0617d6741d8fd4e4,0,0,-1,0000000000000000,0000000000000000,-1,0000000000000000,0000000000000000,00000001002a8000,PASS
d1,b,different-key,2,B,1,3,3125,33220211,1575,124c8edb69d3f66d,7a7450097a865a23,2000000,1,216340272,73046896,1a013b77e6bc5f41,8e64151277abb38d,2000000,1,cbf924fdba614a84,0,0,-1,0000000000000000,0000000000000000,-1,0000000000000000,0000000000000000,00000001002a8000,PASS
d1,b,different-key,3,A,1,0,3125,69998022,1565,e7b097883965323b,ca4ea8617737517e,2000000,1,280913764,77375529,65c9fb75576c94a5,2707afed7e399a8c,2000000,1,0617d6741d8fd4e4,0,0,-1,0000000000000000,0000000000000000,-1,0000000000000000,0000000000000000,00000001002a8000,PASS
d1,b,different-key,3,B,0,4,3125,24319185,1572,9856c3d16e8bc3a9,7060c573141d7625,2000000,1,200070764,72226728,2b655d36ea807d93,5f8162db6efe5d4f,2000000,1,267be939651e4196,0,0,-1,0000000000000000,0000000000000000,-1,0000000000000000,0000000000000000,00000001002a8000,PASS
d1,b,different-key,4,A,0,0,3125,69998022,1565,e7b097883965323b,ca4ea8617737517e,2000000,1,280913764,77375529,65c9fb75576c94a5,2707afed7e399a8c,2000000,1,0617d6741d8fd4e4,0,0,-1,0000000000000000,0000000000000000,-1,0000000000000000,0000000000000000,00000001002a8000,PASS
d1,b,different-key,4,B,1,5,3125,40555423,1561,f963559a0c9dfbc4,2ee76843d1ac047b,2000000,1,229657994,73622590,a6e7b6afb56cb84c,ed28834f73039a2b,2000000,1,1fdd60a5d4da0c58,0,0,-1,0000000000000000,0000000000000000,-1,0000000000000000,0000000000000000,00000001002a8000,PASS
d1,b,different-key,5,A,1,0,3125,69998022,1565,e7b097883965323b,ca4ea8617737517e,2000000,1,280913764,77375529,65c9fb75576c94a5,2707afed7e399a8c,2000000,1,0617d6741d8fd4e4,0,0,-1,0000000000000000,0000000000000000,-1,0000000000000000,0000000000000000,00000001002a8000,PASS
d1,b,different-key,5,B,0,6,3125,22947011,1561,f7b35a0be4b0f69c,6dc31a14b5ea67ba,2000000,1,198478967,71290903,bbbae32f08f38192,6b2b4a376cd5c1a5,2000000,1,42b7d92684927db5,0,0,-1,0000000000000000,0000000000000000,-1,0000000000000000,0000000000000000,00000001002a8000,PASS
d1,b,different-key,6,A,0,0,3125,69998022,1565,e7b097883965323b,ca4ea8617737517e,2000000,1,280913764,77375529,65c9fb75576c94a5,2707afed7e399a8c,2000000,1,0617d6741d8fd4e4,0,0,-1,0000000000000000,0000000000000000,-1,0000000000000000,0000000000000000,00000001002a8000,PASS
d1,b,different-key,6,B,1,7,3125,31955580,1575,1199d2e4a06789d4,3d139b6d4a1b2423,2000000,1,214510298,72387104,a546f81ae091b875,67e270228f809708,2000000,1,e6a4fb77cd98825a,0,0,-1,0000000000000000,0000000000000000,-1,0000000000000000,0000000000000000,00000001002a8000,PASS
d1,b,different-key,7,A,1,0,3125,69998022,1565,e7b097883965323b,ca4ea8617737517e,2000000,1,280913764,77375529,65c9fb75576c94a5,2707afed7e399a8c,2000000,1,0617d6741d8fd4e4,0,0,-1,0000000000000000,0000000000000000,-1,0000000000000000,0000000000000000,00000001002a8000,PASS
d1,b,different-key,7,B,0,8,3125,22853500,1562,6d118d50f30aadb0,d4f0b7e8cd49a86a,2000000,1,199034747,70818013,83810a80eed53299,334c1cd57b0dd262,2000000,1,65f7bb9d831e4524,0,0,-1,0000000000000000,0000000000000000,-1,0000000000000000,0000000000000000,00000001002a8000,PASS
d1,b,different-key,8,A,0,0,3125,69998022,1565,e7b097883965323b,ca4ea8617737517e,2000000,1,280913764,77375529,65c9fb75576c94a5,2707afed7e399a8c,2000000,1,0617d6741d8fd4e4,0,0,-1,0000000000000000,0000000000000000,-1,0000000000000000,0000000000000000,00000001002a8000,PASS
d1,b,different-key,8,B,1,9,3125,23504339,1560,60c9330bbfefc34b,e02c35fa6c961714,2000000,1,200230485,70864235,3e029332577544c5,dfc1f8b214106bc0,2000000,1,1dd01d463a1ae956,0,0,-1,0000000000000000,0000000000000000,-1,0000000000000000,0000000000000000,00000001002a8000,PASS
