implementation,pass,sequence,key_index,elapsed_ns,signed_message_length,signature_fnv1a64,sign_rc,verify_rc
official,a,0,2,37474000,233,8377eaac40e0e967,0,0
official,a,1,4,34938000,233,267be939651e4196,0,0
official,a,2,3,38791000,233,cbf924fdba614a84,0,0
official,a,3,6,34385000,233,42b7d92684927db5,0,0
official,a,4,8,34326000,233,65f7bb9d831e4524,0,0
official,a,5,2,37622000,233,8377eaac40e0e967,0,0
official,a,6,5,41539000,233,1fdd60a5d4da0c58,0,0
official,a,7,2,38097000,233,8377eaac40e0e967,0,0
official,a,8,7,38460000,233,e6a4fb77cd98825a,0,0
official,a,9,1,35060000,233,00d7bdc064a43a01,0,0
official,a,10,9,34842000,233,1dd01d463a1ae956,0,0
official,a,11,9,34679000,233,1dd01d463a1ae956,0,0
official,a,12,3,38731000,233,cbf924fdba614a84,0,0
official,a,13,1,35029000,233,00d7bdc064a43a01,0,0
official,a,14,7,37991000,233,e6a4fb77cd98825a,0,0
official,a,15,4,35120000,233,267be939651e4196,0,0
official,a,16,3,38615000,233,cbf924fdba614a84,0,0
official,a,17,5,41388000,233,1fdd60a5d4da0c58,0,0
official,a,18,3,38679000,233,cbf924fdba614a84,0,0
official,a,19,5,41389000,233,1fdd60a5d4da0c58,0,0
official,a,20,1,34968000,233,00d7bdc064a43a01,0,0
official,a,21,6,34490000,233,42b7d92684927db5,0,0
official,a,22,8,34241000,233,65f7bb9d831e4524,0,0
official,a,23,3,38614000,233,cbf924fdba614a84,0,0
official,a,24,7,38063000,233,e6a4fb77cd98825a,0,0
official,a,25,8,34281000,233,65f7bb9d831e4524,0,0
official,a,26,2,37603000,233,8377eaac40e0e967,0,0
official,a,27,1,34939000,233,00d7bdc064a43a01,0,0
official,a,28,6,34517000,233,42b7d92684927db5,0,0
official,a,29,3,38723000,233,cbf924fdba614a84,0,0
official,a,30,2,37580000,233,8377eaac40e0e967,0,0
official,a,31,7,38095000,233,e6a4fb77cd98825a,0,0
official,a,32,5,41897000,233,1fdd60a5d4da0c58,0,0
official,a,33,0,53692000,233,0617d6741d8fd4e4,0,0
official,a,34,7,38117000,233,e6a4fb77cd98825a,0,0
official,a,35,9,34659000,233,1dd01d463a1ae956,0,0
official,a,36,1,35035000,233,00d7bdc064a43a01,0,0
official,a,37,9,34438000,233,1dd01d463a1ae956,0,0
official,a,38,4,35048000,233,267be939651e4196,0,0
official,a,39,1,34859000,233,00d7bdc064a43a01,0,0
official,a,40,0,53688000,233,0617d6741d8fd4e4,0,0
official,a,41,7,38033000,233,e6a4fb77cd98825a,0,0
official,a,42,0,53761000,233,0617d6741d8fd4e4,0,0
official,a,43,1,35060000,233,00d7bdc064a43a01,0,0
official,a,44,0,53984000,233,0617d6741d8fd4e4,0,0
official,a,45,6,34430000,233,42b7d92684927db5,0,0
official,a,46,7,38039000,233,e6a4fb77cd98825a,0,0
official,a,47,4,35008000,233,267be939651e4196,0,0
official,a,48,5,41757000,233,1fdd60a5d4da0c58,0,0
official,a,49,0,53819000,233,0617d6741d8fd4e4,0,0
official,a,50,4,35273000,233,267be939651e4196,0,0
official,a,51,5,41536000,233,1fdd60a5d4da0c58,0,0
official,a,52,6,34480000,233,42b7d92684927db5,0,0
official,a,53,8,34372000,233,65f7bb9d831e4524,0,0
official,a,54,4,34973000,233,267be939651e4196,0,0
official,a,55,0,53791000,233,0617d6741d8fd4e4,0,0
official,a,56,7,38158000,233,e6a4fb77cd98825a,0,0
official,a,57,0,53686000,233,0617d6741d8fd4e4,0,0
official,a,58,2,37591000,233,8377eaac40e0e967,0,0
official,a,59,4,34973000,233,267be939651e4196,0,0
official,a,60,2,37774000,233,8377eaac40e0e967,0,0
official,a,61,5,41720000,233,1fdd60a5d4da0c58,0,0
official,a,62,3,38746000,233,cbf924fdba614a84,0,0
official,a,63,7,37978000,233,e6a4fb77cd98825a,0,0
official,a,64,5,41534000,233,1fdd60a5d4da0c58,0,0
official,a,65,8,34295000,233,65f7bb9d831e4524,0,0
official,a,66,6,34394000,233,42b7d92684927db5,0,0
official,a,67,3,38565000,233,cbf924fdba614a84,0,0
official,a,68,1,34876000,233,00d7bdc064a43a01,0,0
official,a,69,8,34287000,233,65f7bb9d831e4524,0,0
official,a,70,5,41482000,233,1fdd60a5d4da0c58,0,0
official,a,71,9,34592000,233,1dd01d463a1ae956,0,0
official,a,72,8,34209000,233,65f7bb9d831e4524,0,0
official,a,73,6,34354000,233,42b7d92684927db5,0,0
official,a,74,3,38680000,233,cbf924fdba614a84,0,0
official,a,75,6,34427000,233,42b7d92684927db5,0,0
official,a,76,5,41491000,233,1fdd60a5d4da0c58,0,0
official,a,77,5,41347000,233,1fdd60a5d4da0c58,0,0
official,a,78,9,34539000,233,1dd01d463a1ae956,0,0
official,a,79,8,34220000,233,65f7bb9d831e4524,0,0
official,a,80,0,53549000,233,0617d6741d8fd4e4,0,0
official,a,81,0,53698000,233,0617d6741d8fd4e4,0,0
official,a,82,6,34675000,233,42b7d92684927db5,0,0
official,a,83,4,35239000,233,267be939651e4196,0,0
official,a,84,8,34534000,233,65f7bb9d831e4524,0,0
official,a,85,9,34485000,233,1dd01d463a1ae956,0,0
official,a,86,2,37518000,233,8377eaac40e0e967,0,0
official,a,87,4,35128000,233,267be939651e4196,0,0
official,a,88,5,41408000,233,1fdd60a5d4da0c58,0,0
official,a,89,9,34596000,233,1dd01d463a1ae956,0,0
official,a,90,1,34860000,233,00d7bdc064a43a01,0,0
official,a,91,5,41663000,233,1fdd60a5d4da0c58,0,0
official,a,92,1,34703000,233,00d7bdc064a43a01,0,0
official,a,93,6,34452000,233,42b7d92684927db5,0,0
official,a,94,3,38726000,233,cbf924fdba614a84,0,0
official,a,95,7,37997000,233,e6a4fb77cd98825a,0,0
official,a,96,8,34411000,233,65f7bb9d831e4524,0,0
official,a,97,0,53662000,233,0617d6741d8fd4e4,0,0
official,a,98,3,38635000,233,cbf924fdba614a84,0,0
official,a,99,4,35030000,233,267be939651e4196,0,0
official,a,100,3,38728000,233,cbf924fdba614a84,0,0
official,a,101,0,53751000,233,0617d6741d8fd4e4,0,0
official,a,102,4,34958000,233,267be939651e4196,0,0
official,a,103,0,53775000,233,0617d6741d8fd4e4,0,0
official,a,104,6,34378000,233,42b7d92684927db5,0,0
official,a,105,4,35028000,233,267be939651e4196,0,0
official,a,106,4,34988000,233,267be939651e4196,0,0
official,a,107,6,34434000,233,42b7d92684927db5,0,0
official,a,108,1,34962000,233,00d7bdc064a43a01,0,0
official,a,109,2,37474000,233,8377eaac40e0e967,0,0
official,a,110,8,34213000,233,65f7bb9d831e4524,0,0
official,a,111,2,37680000,233,8377eaac40e0e967,0,0
official,a,112,8,34242000,233,65f7bb9d831e4524,0,0
official,a,113,4,35134000,233,267be939651e4196,0,0
official,a,114,1,34857000,233,00d7bdc064a43a01,0,0
official,a,115,1,34762000,233,00d7bdc064a43a01,0,0
official,a,116,9,34507000,233,1dd01d463a1ae956,0,0
official,a,117,4,34967000,233,267be939651e4196,0,0
official,a,118,1,34906000,233,00d7bdc064a43a01,0,0
official,a,119,5,41553000,233,1fdd60a5d4da0c58,0,0
official,a,120,8,34262000,233,65f7bb9d831e4524,0,0
official,a,121,2,37661000,233,8377eaac40e0e967,0,0
official,a,122,2,37503000,233,8377eaac40e0e967,0,0
official,a,123,9,34566000,233,1dd01d463a1ae956,0,0
official,a,124,2,37637000,233,8377eaac40e0e967,0,0
official,a,125,3,38611000,233,cbf924fdba614a84,0,0
official,a,126,8,34385000,233,65f7bb9d831e4524,0,0
official,a,127,3,38712000,233,cbf924fdba614a84,0,0
official,a,128,6,34901000,233,42b7d92684927db5,0,0
official,a,129,1,34984000,233,00d7bdc064a43a01,0,0
official,a,130,6,34552000,233,42b7d92684927db5,0,0
official,a,131,0,54101000,233,0617d6741d8fd4e4,0,0
official,a,132,4,35129000,233,267be939651e4196,0,0
official,a,133,6,34845000,233,42b7d92684927db5,0,0
official,a,134,9,34554000,233,1dd01d463a1ae956,0,0
official,a,135,7,38223000,233,e6a4fb77cd98825a,0,0
official,a,136,0,53651000,233,0617d6741d8fd4e4,0,0
official,a,137,3,38796000,233,cbf924fdba614a84,0,0
official,a,138,6,34369000,233,42b7d92684927db5,0,0
official,a,139,6,34559000,233,42b7d92684927db5,0,0
official,a,140,8,34298000,233,65f7bb9d831e4524,0,0
official,a,141,6,34460000,233,42b7d92684927db5,0,0
official,a,142,3,38709000,233,cbf924fdba614a84,0,0
official,a,143,3,38895000,233,cbf924fdba614a84,0,0
official,a,144,7,38084000,233,e6a4fb77cd98825a,0,0
official,a,145,6,34502000,233,42b7d92684927db5,0,0
official,a,146,0,53637000,233,0617d6741d8fd4e4,0,0
official,a,147,8,34379000,233,65f7bb9d831e4524,0,0
official,a,148,4,34961000,233,267be939651e4196,0,0
official,a,149,8,34318000,233,65f7bb9d831e4524,0,0
official,a,150,5,41511000,233,1fdd60a5d4da0c58,0,0
official,a,151,0,53885000,233,0617d6741d8fd4e4,0,0
official,a,152,1,34836000,233,00d7bdc064a43a01,0,0
official,a,153,4,34977000,233,267be939651e4196,0,0
official,a,154,3,38994000,233,cbf924fdba614a84,0,0
official,a,155,7,38293000,233,e6a4fb77cd98825a,0,0
official,a,156,4,34985000,233,267be939651e4196,0,0
official,a,157,5,41460000,233,1fdd60a5d4da0c58,0,0
official,a,158,1,34880000,233,00d7bdc064a43a01,0,0
official,a,159,8,34406000,233,65f7bb9d831e4524,0,0
official,a,160,9,34551000,233,1dd01d463a1ae956,0,0
official,a,161,9,34558000,233,1dd01d463a1ae956,0,0
official,a,162,3,38648000,233,cbf924fdba614a84,0,0
official,a,163,9,34570000,233,1dd01d463a1ae956,0,0
official,a,164,2,38316000,233,8377eaac40e0e967,0,0
official,a,165,5,42145000,233,1fdd60a5d4da0c58,0,0
official,a,166,8,34535000,233,65f7bb9d831e4524,0,0
official,a,167,1,35477000,233,00d7bdc064a43a01,0,0
official,a,168,2,37933000,233,8377eaac40e0e967,0,0
official,a,169,0,54226000,233,0617d6741d8fd4e4,0,0
official,a,170,6,34877000,233,42b7d92684927db5,0,0
official,a,171,7,38686000,233,e6a4fb77cd98825a,0,0
official,a,172,9,35095000,233,1dd01d463a1ae956,0,0
official,a,173,7,38457000,233,e6a4fb77cd98825a,0,0
official,a,174,7,38141000,233,e6a4fb77cd98825a,0,0
official,a,175,2,37769000,233,8377eaac40e0e967,0,0
official,a,176,7,38237000,233,e6a4fb77cd98825a,0,0
official,a,177,3,38586000,233,cbf924fdba614a84,0,0
official,a,178,7,38109000,233,e6a4fb77cd98825a,0,0
official,a,179,3,38751000,233,cbf924fdba614a84,0,0
official,a,180,4,35176000,233,267be939651e4196,0,0
official,a,181,1,34918000,233,00d7bdc064a43a01,0,0
official,a,182,6,34524000,233,42b7d92684927db5,0,0
official,a,183,2,37851000,233,8377eaac40e0e967,0,0
official,a,184,0,53804000,233,0617d6741d8fd4e4,0,0
official,a,185,6,34528000,233,42b7d92684927db5,0,0
official,a,186,1,34953000,233,00d7bdc064a43a01,0,0
official,a,187,8,34338000,233,65f7bb9d831e4524,0,0
official,a,188,3,38731000,233,cbf924fdba614a84,0,0
official,a,189,4,35100000,233,267be939651e4196,0,0
official,a,190,4,35009000,233,267be939651e4196,0,0
official,a,191,9,34657000,233,1dd01d463a1ae956,0,0
official,a,192,9,34667000,233,1dd01d463a1ae956,0,0
official,a,193,0,53830000,233,0617d6741d8fd4e4,0,0
official,a,194,9,34534000,233,1dd01d463a1ae956,0,0
official,a,195,3,38891000,233,cbf924fdba614a84,0,0
official,a,196,9,34683000,233,1dd01d463a1ae956,0,0
official,a,197,0,53858000,233,0617d6741d8fd4e4,0,0
official,a,198,7,37992000,233,e6a4fb77cd98825a,0,0
official,a,199,6,34582000,233,42b7d92684927db5,0,0
official,a,200,8,34350000,233,65f7bb9d831e4524,0,0
official,a,201,7,38149000,233,e6a4fb77cd98825a,0,0
official,a,202,7,38002000,233,e6a4fb77cd98825a,0,0
official,a,203,2,37647000,233,8377eaac40e0e967,0,0
official,a,204,5,41458000,233,1fdd60a5d4da0c58,0,0
official,a,205,8,34246000,233,65f7bb9d831e4524,0,0
official,a,206,5,41760000,233,1fdd60a5d4da0c58,0,0
official,a,207,2,37499000,233,8377eaac40e0e967,0,0
official,a,208,9,34621000,233,1dd01d463a1ae956,0,0
official,a,209,2,37604000,233,8377eaac40e0e967,0,0
official,a,210,3,38780000,233,cbf924fdba614a84,0,0
official,a,211,0,53599000,233,0617d6741d8fd4e4,0,0
official,a,212,6,34623000,233,42b7d92684927db5,0,0
official,a,213,2,37688000,233,8377eaac40e0e967,0,0
official,a,214,1,34912000,233,00d7bdc064a43a01,0,0
official,a,215,7,38119000,233,e6a4fb77cd98825a,0,0
official,a,216,4,34982000,233,267be939651e4196,0,0
official,a,217,6,34396000,233,42b7d92684927db5,0,0
official,a,218,7,38268000,233,e6a4fb77cd98825a,0,0
official,a,219,4,35128000,233,267be939651e4196,0,0
official,a,220,3,39009000,233,cbf924fdba614a84,0,0
official,a,221,9,35041000,233,1dd01d463a1ae956,0,0
official,a,222,5,41788000,233,1fdd60a5d4da0c58,0,0
official,a,223,2,38085000,233,8377eaac40e0e967,0,0
official,a,224,5,41983000,233,1fdd60a5d4da0c58,0,0
official,a,225,0,54134000,233,0617d6741d8fd4e4,0,0
official,a,226,6,35145000,233,42b7d92684927db5,0,0
official,a,227,9,35120000,233,1dd01d463a1ae956,0,0
official,a,228,1,35297000,233,00d7bdc064a43a01,0,0
official,a,229,1,35171000,233,00d7bdc064a43a01,0,0
official,a,230,1,34851000,233,00d7bdc064a43a01,0,0
official,a,231,5,41597000,233,1fdd60a5d4da0c58,0,0
official,a,232,0,53861000,233,0617d6741d8fd4e4,0,0
official,a,233,3,38742000,233,cbf924fdba614a84,0,0
official,a,234,1,34990000,233,00d7bdc064a43a01,0,0
official,a,235,1,34885000,233,00d7bdc064a43a01,0,0
official,a,236,4,35208000,233,267be939651e4196,0,0
official,a,237,9,34553000,233,1dd01d463a1ae956,0,0
official,a,238,5,41508000,233,1fdd60a5d4da0c58,0,0
official,a,239,8,34441000,233,65f7bb9d831e4524,0,0
official,a,240,8,34343000,233,65f7bb9d831e4524,0,0
official,a,241,5,41661000,233,1fdd60a5d4da0c58,0,0
official,a,242,5,41513000,233,1fdd60a5d4da0c58,0,0
official,a,243,4,35042000,233,267be939651e4196,0,0
official,a,244,2,37693000,233,8377eaac40e0e967,0,0
official,a,245,2,37564000,233,8377eaac40e0e967,0,0
official,a,246,2,37702000,233,8377eaac40e0e967,0,0
official,a,247,5,41694000,233,1fdd60a5d4da0c58,0,0
official,a,248,7,38076000,233,e6a4fb77cd98825a,0,0
official,a,249,8,34222000,233,65f7bb9d831e4524,0,0
official,a,250,1,34991000,233,00d7bdc064a43a01,0,0
official,a,251,6,34599000,233,42b7d92684927db5,0,0
official,a,252,5,41536000,233,1fdd60a5d4da0c58,0,0
official,a,253,9,34764000,233,1dd01d463a1ae956,0,0
official,a,254,5,41536000,233,1fdd60a5d4da0c58,0,0
official,a,255,0,53600000,233,0617d6741d8fd4e4,0,0
official,a,256,9,34781000,233,1dd01d463a1ae956,0,0
official,a,257,6,34433000,233,42b7d92684927db5,0,0
official,a,258,5,41630000,233,1fdd60a5d4da0c58,0,0
official,a,259,0,53692000,233,0617d6741d8fd4e4,0,0
official,a,260,2,37650000,233,8377eaac40e0e967,0,0
official,a,261,9,34558000,233,1dd01d463a1ae956,0,0
official,a,262,7,38314000,233,e6a4fb77cd98825a,0,0
official,a,263,7,38021000,233,e6a4fb77cd98825a,0,0
official,a,264,2,37691000,233,8377eaac40e0e967,0,0
official,a,265,2,37627000,233,8377eaac40e0e967,0,0
official,a,266,5,41493000,233,1fdd60a5d4da0c58,0,0
official,a,267,4,35046000,233,267be939651e4196,0,0
official,a,268,3,38738000,233,cbf924fdba614a84,0,0
official,a,269,0,53997000,233,0617d6741d8fd4e4,0,0
official,a,270,1,35050000,233,00d7bdc064a43a01,0,0
official,a,271,9,34670000,233,1dd01d463a1ae956,0,0
official,a,272,0,53943000,233,0617d6741d8fd4e4,0,0
official,a,273,8,34398000,233,65f7bb9d831e4524,0,0
official,a,274,3,38888000,233,cbf924fdba614a84,0,0
official,a,275,8,34429000,233,65f7bb9d831e4524,0,0
official,a,276,9,34591000,233,1dd01d463a1ae956,0,0
official,a,277,6,34449000,233,42b7d92684927db5,0,0
official,a,278,0,53792000,233,0617d6741d8fd4e4,0,0
official,a,279,7,38371000,233,e6a4fb77cd98825a,0,0
official,a,280,8,34356000,233,65f7bb9d831e4524,0,0
official,a,281,6,34580000,233,42b7d92684927db5,0,0
official,a,282,7,37922000,233,e6a4fb77cd98825a,0,0
official,a,283,7,38103000,233,e6a4fb77cd98825a,0,0
official,a,284,4,35024000,233,267be939651e4196,0,0
official,a,285,9,34559000,233,1dd01d463a1ae956,0,0
official,a,286,1,34938000,233,00d7bdc064a43a01,0,0
official,a,287,2,37842000,233,8377eaac40e0e967,0,0
official,a,288,0,53942000,233,0617d6741d8fd4e4,0,0
official,a,289,4,35069000,233,267be939651e4196,0,0
official,a,290,8,34350000,233,65f7bb9d831e4524,0,0
official,a,291,0,53859000,233,0617d6741d8fd4e4,0,0
official,a,292,7,38006000,233,e6a4fb77cd98825a,0,0
official,a,293,1,35059000,233,00d7bdc064a43a01,0,0
official,a,294,4,35234000,233,267be939651e4196,0,0
official,a,295,2,37758000,233,8377eaac40e0e967,0,0
official,a,296,8,34606000,233,65f7bb9d831e4524,0,0
official,a,297,3,38929000,233,cbf924fdba614a84,0,0
official,a,298,3,38847000,233,cbf924fdba614a84,0,0
official,a,299,9,34677000,233,1dd01d463a1ae956,0,0
official,b,0,0,54178000,233,0617d6741d8fd4e4,0,0
official,b,1,2,37708000,233,8377eaac40e0e967,0,0
official,b,2,2,37873000,233,8377eaac40e0e967,0,0
official,b,3,5,41901000,233,1fdd60a5d4da0c58,0,0
official,b,4,1,35233000,233,00d7bdc064a43a01,0,0
official,b,5,6,34507000,233,42b7d92684927db5,0,0
official,b,6,3,38814000,233,cbf924fdba614a84,0,0
official,b,7,5,41865000,233,1fdd60a5d4da0c58,0,0
official,b,8,0,54090000,233,0617d6741d8fd4e4,0,0
official,b,9,5,41720000,233,1fdd60a5d4da0c58,0,0
official,b,10,2,37607000,233,8377eaac40e0e967,0,0
official,b,11,8,34523000,233,65f7bb9d831e4524,0,0
official,b,12,1,35183000,233,00d7bdc064a43a01,0,0
official,b,13,7,38433000,233,e6a4fb77cd98825a,0,0
official,b,14,2,37757000,233,8377eaac40e0e967,0,0
official,b,15,4,35170000,233,267be939651e4196,0,0
official,b,16,3,39186000,233,cbf924fdba614a84,0,0
official,b,17,4,35627000,233,267be939651e4196,0,0
official,b,18,8,34862000,233,65f7bb9d831e4524,0,0
official,b,19,3,38681000,233,cbf924fdba614a84,0,0
official,b,20,5,41917000,233,1fdd60a5d4da0c58,0,0
official,b,21,0,54367000,233,0617d6741d8fd4e4,0,0
official,b,22,0,54494000,233,0617d6741d8fd4e4,0,0
official,b,23,7,38651000,233,e6a4fb77cd98825a,0,0
official,b,24,3,39310000,233,cbf924fdba614a84,0,0
official,b,25,9,35156000,233,1dd01d463a1ae956,0,0
official,b,26,8,35076000,233,65f7bb9d831e4524,0,0
official,b,27,2,38252000,233,8377eaac40e0e967,0,0
official,b,28,3,39339000,233,cbf924fdba614a84,0,0
official,b,29,1,35202000,233,00d7bdc064a43a01,0,0
official,b,30,1,34979000,233,00d7bdc064a43a01,0,0
official,b,31,3,39049000,233,cbf924fdba614a84,0,0
official,b,32,3,38885000,233,cbf924fdba614a84,0,0
official,b,33,3,38885000,233,cbf924fdba614a84,0,0
official,b,34,0,53796000,233,0617d6741d8fd4e4,0,0
official,b,35,7,38245000,233,e6a4fb77cd98825a,0,0
official,b,36,5,41968000,233,1fdd60a5d4da0c58,0,0
official,b,37,1,35092000,233,00d7bdc064a43a01,0,0
official,b,38,0,53992000,233,0617d6741d8fd4e4,0,0
official,b,39,9,34746000,233,1dd01d463a1ae956,0,0
official,b,40,2,37621000,233,8377eaac40e0e967,0,0
official,b,41,6,34461000,233,42b7d92684927db5,0,0
official,b,42,1,35245000,233,00d7bdc064a43a01,0,0
official,b,43,7,38267000,233,e6a4fb77cd98825a,0,0
official,b,44,7,38517000,233,e6a4fb77cd98825a,0,0
official,b,45,6,34745000,233,42b7d92684927db5,0,0
official,b,46,5,41750000,233,1fdd60a5d4da0c58,0,0
official,b,47,9,35089000,233,1dd01d463a1ae956,0,0
official,b,48,5,41815000,233,1fdd60a5d4da0c58,0,0
official,b,49,7,38232000,233,e6a4fb77cd98825a,0,0
official,b,50,7,38377000,233,e6a4fb77cd98825a,0,0
official,b,51,3,38936000,233,cbf924fdba614a84,0,0
official,b,52,4,35380000,233,267be939651e4196,0,0
official,b,53,9,34766000,233,1dd01d463a1ae956,0,0
official,b,54,9,34753000,233,1dd01d463a1ae956,0,0
official,b,55,0,53981000,233,0617d6741d8fd4e4,0,0
official,b,56,5,41651000,233,1fdd60a5d4da0c58,0,0
official,b,57,9,34923000,233,1dd01d463a1ae956,0,0
official,b,58,0,53817000,233,0617d6741d8fd4e4,0,0
official,b,59,4,35394000,233,267be939651e4196,0,0
official,b,60,1,34885000,233,00d7bdc064a43a01,0,0
official,b,61,3,39149000,233,cbf924fdba614a84,0,0
official,b,62,0,54366000,233,0617d6741d8fd4e4,0,0
official,b,63,8,34993000,233,65f7bb9d831e4524,0,0
official,b,64,3,39435000,233,cbf924fdba614a84,0,0
official,b,65,8,34894000,233,65f7bb9d831e4524,0,0
official,b,66,5,41726000,233,1fdd60a5d4da0c58,0,0
official,b,67,3,38775000,233,cbf924fdba614a84,0,0
official,b,68,3,38959000,233,cbf924fdba614a84,0,0
official,b,69,4,34982000,233,267be939651e4196,0,0
official,b,70,0,54097000,233,0617d6741d8fd4e4,0,0
official,b,71,8,34470000,233,65f7bb9d831e4524,0,0
official,b,72,9,34778000,233,1dd01d463a1ae956,0,0
official,b,73,2,38090000,233,8377eaac40e0e967,0,0
official,b,74,0,53862000,233,0617d6741d8fd4e4,0,0
official,b,75,0,54174000,233,0617d6741d8fd4e4,0,0
official,b,76,8,34518000,233,65f7bb9d831e4524,0,0
official,b,77,6,34635000,233,42b7d92684927db5,0,0
official,b,78,5,41744000,233,1fdd60a5d4da0c58,0,0
official,b,79,3,38946000,233,cbf924fdba614a84,0,0
official,b,80,2,37721000,233,8377eaac40e0e967,0,0
official,b,81,4,35151000,233,267be939651e4196,0,0
official,b,82,4,34996000,233,267be939651e4196,0,0
official,b,83,3,38737000,233,cbf924fdba614a84,0,0
official,b,84,4,35419000,233,267be939651e4196,0,0
official,b,85,7,38412000,233,e6a4fb77cd98825a,0,0
official,b,86,9,34668000,233,1dd01d463a1ae956,0,0
official,b,87,7,38107000,233,e6a4fb77cd98825a,0,0
official,b,88,9,34618000,233,1dd01d463a1ae956,0,0
official,b,89,5,41847000,233,1fdd60a5d4da0c58,0,0
official,b,90,9,34713000,233,1dd01d463a1ae956,0,0
official,b,91,3,38787000,233,cbf924fdba614a84,0,0
official,b,92,2,37936000,233,8377eaac40e0e967,0,0
official,b,93,9,34668000,233,1dd01d463a1ae956,0,0
official,b,94,4,35361000,233,267be939651e4196,0,0
official,b,95,0,54291000,233,0617d6741d8fd4e4,0,0
official,b,96,5,43668000,233,1fdd60a5d4da0c58,0,0
official,b,97,8,36473000,233,65f7bb9d831e4524,0,0
official,b,98,9,43293000,233,1dd01d463a1ae956,0,0
official,b,99,7,39032000,233,e6a4fb77cd98825a,0,0
official,b,100,0,54225000,233,0617d6741d8fd4e4,0,0
official,b,101,6,34847000,233,42b7d92684927db5,0,0
official,b,102,1,35376000,233,00d7bdc064a43a01,0,0
official,b,103,9,34932000,233,1dd01d463a1ae956,0,0
official,b,104,2,37755000,233,8377eaac40e0e967,0,0
official,b,105,3,39135000,233,cbf924fdba614a84,0,0
official,b,106,5,41747000,233,1fdd60a5d4da0c58,0,0
official,b,107,1,35022000,233,00d7bdc064a43a01,0,0
official,b,108,9,35021000,233,1dd01d463a1ae956,0,0
official,b,109,5,41932000,233,1fdd60a5d4da0c58,0,0
official,b,110,6,34614000,233,42b7d92684927db5,0,0
official,b,111,8,34461000,233,65f7bb9d831e4524,0,0
official,b,112,0,53849000,233,0617d6741d8fd4e4,0,0
official,b,113,8,34725000,233,65f7bb9d831e4524,0,0
official,b,114,2,37919000,233,8377eaac40e0e967,0,0
official,b,115,0,53963000,233,0617d6741d8fd4e4,0,0
official,b,116,1,35290000,233,00d7bdc064a43a01,0,0
official,b,117,6,34906000,233,42b7d92684927db5,0,0
official,b,118,7,38394000,233,e6a4fb77cd98825a,0,0
official,b,119,5,41627000,233,1fdd60a5d4da0c58,0,0
official,b,120,4,35352000,233,267be939651e4196,0,0
official,b,121,6,34651000,233,42b7d92684927db5,0,0
official,b,122,3,38716000,233,cbf924fdba614a84,0,0
official,b,123,2,37902000,233,8377eaac40e0e967,0,0
official,b,124,0,53942000,233,0617d6741d8fd4e4,0,0
official,b,125,1,35036000,233,00d7bdc064a43a01,0,0
official,b,126,8,34646000,233,65f7bb9d831e4524,0,0
official,b,127,6,34702000,233,42b7d92684927db5,0,0
official,b,128,2,37732000,233,8377eaac40e0e967,0,0
official,b,129,1,34918000,233,00d7bdc064a43a01,0,0
official,b,130,2,37873000,233,8377eaac40e0e967,0,0
official,b,131,1,35094000,233,00d7bdc064a43a01,0,0
official,b,132,3,38900000,233,cbf924fdba614a84,0,0
official,b,133,4,35161000,233,267be939651e4196,0,0
official,b,134,4,35476000,233,267be939651e4196,0,0
official,b,135,4,35101000,233,267be939651e4196,0,0
official,b,136,3,39141000,233,cbf924fdba614a84,0,0
official,b,137,3,38953000,233,cbf924fdba614a84,0,0
official,b,138,3,38835000,233,cbf924fdba614a84,0,0
official,b,139,8,34580000,233,65f7bb9d831e4524,0,0
official,b,140,7,38660000,233,e6a4fb77cd98825a,0,0
official,b,141,0,54052000,233,0617d6741d8fd4e4,0,0
official,b,142,6,34701000,233,42b7d92684927db5,0,0
official,b,143,3,39364000,233,cbf924fdba614a84,0,0
official,b,144,0,53870000,233,0617d6741d8fd4e4,0,0
official,b,145,4,35702000,233,267be939651e4196,0,0
official,b,146,7,38309000,233,e6a4fb77cd98825a,0,0
official,b,147,8,34469000,233,65f7bb9d831e4524,0,0
official,b,148,7,38361000,233,e6a4fb77cd98825a,0,0
official,b,149,7,38683000,233,e6a4fb77cd98825a,0,0
official,b,150,2,37986000,233,8377eaac40e0e967,0,0
official,b,151,3,39124000,233,cbf924fdba614a84,0,0
official,b,152,6,34936000,233,42b7d92684927db5,0,0
official,b,153,7,38215000,233,e6a4fb77cd98825a,0,0
official,b,154,4,35422000,233,267be939651e4196,0,0
official,b,155,6,34558000,233,42b7d92684927db5,0,0
official,b,156,0,54192000,233,0617d6741d8fd4e4,0,0
official,b,157,7,38314000,233,e6a4fb77cd98825a,0,0
official,b,158,1,35979000,233,00d7bdc064a43a01,0,0
official,b,159,4,35743000,233,267be939651e4196,0,0
official,b,160,5,42005000,233,1fdd60a5d4da0c58,0,0
official,b,161,2,37927000,233,8377eaac40e0e967,0,0
official,b,162,6,34711000,233,42b7d92684927db5,0,0
official,b,163,9,35226000,233,1dd01d463a1ae956,0,0
official,b,164,6,34794000,233,42b7d92684927db5,0,0
official,b,165,8,34351000,233,65f7bb9d831e4524,0,0
official,b,166,1,35326000,233,00d7bdc064a43a01,0,0
official,b,167,8,34569000,233,65f7bb9d831e4524,0,0
official,b,168,1,35107000,233,00d7bdc064a43a01,0,0
official,b,169,5,42054000,233,1fdd60a5d4da0c58,0,0
official,b,170,4,35411000,233,267be939651e4196,0,0
official,b,171,5,41872000,233,1fdd60a5d4da0c58,0,0
official,b,172,0,53787000,233,0617d6741d8fd4e4,0,0
official,b,173,8,34637000,233,65f7bb9d831e4524,0,0
official,b,174,6,34865000,233,42b7d92684927db5,0,0
official,b,175,1,35059000,233,00d7bdc064a43a01,0,0
official,b,176,8,34767000,233,65f7bb9d831e4524,0,0
official,b,177,5,41751000,233,1fdd60a5d4da0c58,0,0
official,b,178,5,41654000,233,1fdd60a5d4da0c58,0,0
official,b,179,7,38304000,233,e6a4fb77cd98825a,0,0
official,b,180,5,41871000,233,1fdd60a5d4da0c58,0,0
official,b,181,9,34865000,233,1dd01d463a1ae956,0,0
official,b,182,8,34781000,233,65f7bb9d831e4524,0,0
official,b,183,9,34718000,233,1dd01d463a1ae956,0,0
official,b,184,0,53912000,233,0617d6741d8fd4e4,0,0
official,b,185,6,34666000,233,42b7d92684927db5,0,0
official,b,186,7,38580000,233,e6a4fb77cd98825a,0,0
official,b,187,6,34711000,233,42b7d92684927db5,0,0
official,b,188,9,35025000,233,1dd01d463a1ae956,0,0
official,b,189,7,38519000,233,e6a4fb77cd98825a,0,0
official,b,190,5,41919000,233,1fdd60a5d4da0c58,0,0
official,b,191,5,41791000,233,1fdd60a5d4da0c58,0,0
official,b,192,8,34665000,233,65f7bb9d831e4524,0,0
official,b,193,8,34479000,233,65f7bb9d831e4524,0,0
official,b,194,4,35358000,233,267be939651e4196,0,0
official,b,195,9,34953000,233,1dd01d463a1ae956,0,0
official,b,196,0,53989000,233,0617d6741d8fd4e4,0,0
official,b,197,2,37994000,233,8377eaac40e0e967,0,0
official,b,198,2,37967000,233,8377eaac40e0e967,0,0
official,b,199,8,34574000,233,65f7bb9d831e4524,0,0
official,b,200,6,35036000,233,42b7d92684927db5,0,0
official,b,201,1,35198000,233,00d7bdc064a43a01,0,0
official,b,202,5,41835000,233,1fdd60a5d4da0c58,0,0
official,b,203,7,38703000,233,e6a4fb77cd98825a,0,0
official,b,204,8,34339000,233,65f7bb9d831e4524,0,0
official,b,205,7,38705000,233,e6a4fb77cd98825a,0,0
official,b,206,0,54306000,233,0617d6741d8fd4e4,0,0
official,b,207,6,34877000,233,42b7d92684927db5,0,0
official,b,208,9,35096000,233,1dd01d463a1ae956,0,0
official,b,209,1,35363000,233,00d7bdc064a43a01,0,0
official,b,210,9,34971000,233,1dd01d463a1ae956,0,0
official,b,211,5,42603000,233,1fdd60a5d4da0c58,0,0
official,b,212,2,37837000,233,8377eaac40e0e967,0,0
official,b,213,5,42038000,233,1fdd60a5d4da0c58,0,0
official,b,214,4,35931000,233,267be939651e4196,0,0
official,b,215,2,38650000,233,8377eaac40e0e967,0,0
official,b,216,8,35252000,233,65f7bb9d831e4524,0,0
official,b,217,7,39125000,233,e6a4fb77cd98825a,0,0
official,b,218,1,36082000,233,00d7bdc064a43a01,0,0
official,b,219,0,54203000,233,0617d6741d8fd4e4,0,0
official,b,220,6,34746000,233,42b7d92684927db5,0,0
official,b,221,1,35244000,233,00d7bdc064a43a01,0,0
official,b,222,1,35550000,233,00d7bdc064a43a01,0,0
official,b,223,6,35185000,233,42b7d92684927db5,0,0
official,b,224,7,38560000,233,e6a4fb77cd98825a,0,0
official,b,225,1,35487000,233,00d7bdc064a43a01,0,0
official,b,226,2,37970000,233,8377eaac40e0e967,0,0
official,b,227,5,41830000,233,1fdd60a5d4da0c58,0,0
official,b,228,6,34877000,233,42b7d92684927db5,0,0
official,b,229,2,37883000,233,8377eaac40e0e967,0,0
official,b,230,1,35292000,233,00d7bdc064a43a01,0,0
official,b,231,7,38582000,233,e6a4fb77cd98825a,0,0
official,b,232,4,35347000,233,267be939651e4196,0,0
official,b,233,2,37980000,233,8377eaac40e0e967,0,0
official,b,234,7,38336000,233,e6a4fb77cd98825a,0,0
official,b,235,8,34640000,233,65f7bb9d831e4524,0,0
official,b,236,4,35306000,233,267be939651e4196,0,0
official,b,237,4,35519000,233,267be939651e4196,0,0
official,b,238,4,35139000,233,267be939651e4196,0,0
official,b,239,5,42038000,233,1fdd60a5d4da0c58,0,0
official,b,240,9,34873000,233,1dd01d463a1ae956,0,0
official,b,241,7,38069000,233,e6a4fb77cd98825a,0,0
official,b,242,0,54086000,233,0617d6741d8fd4e4,0,0
official,b,243,1,35140000,233,00d7bdc064a43a01,0,0
official,b,244,4,35341000,233,267be939651e4196,0,0
official,b,245,0,54002000,233,0617d6741d8fd4e4,0,0
official,b,246,9,35023000,233,1dd01d463a1ae956,0,0
official,b,247,6,34846000,233,42b7d92684927db5,0,0
official,b,248,6,35267000,233,42b7d92684927db5,0,0
official,b,249,4,36042000,233,267be939651e4196,0,0
official,b,250,6,35339000,233,42b7d92684927db5,0,0
official,b,251,9,35841000,233,1dd01d463a1ae956,0,0
official,b,252,4,36107000,233,267be939651e4196,0,0
official,b,253,9,35726000,233,1dd01d463a1ae956,0,0
official,b,254,3,39626000,233,cbf924fdba614a84,0,0
official,b,255,1,36221000,233,00d7bdc064a43a01,0,0
official,b,256,5,43703000,233,1fdd60a5d4da0c58,0,0
official,b,257,7,39348000,233,e6a4fb77cd98825a,0,0
official,b,258,2,38740000,233,8377eaac40e0e967,0,0
official,b,259,3,40133000,233,cbf924fdba614a84,0,0
official,b,260,6,35416000,233,42b7d92684927db5,0,0
official,b,261,8,35047000,233,65f7bb9d831e4524,0,0
official,b,262,2,38759000,233,8377eaac40e0e967,0,0
official,b,263,0,55011000,233,0617d6741d8fd4e4,0,0
official,b,264,2,38724000,233,8377eaac40e0e967,0,0
official,b,265,5,42752000,233,1fdd60a5d4da0c58,0,0
official,b,266,2,38776000,233,8377eaac40e0e967,0,0
official,b,267,1,35735000,233,00d7bdc064a43a01,0,0
official,b,268,9,35399000,233,1dd01d463a1ae956,0,0
official,b,269,8,35185000,233,65f7bb9d831e4524,0,0
official,b,270,8,35447000,233,65f7bb9d831e4524,0,0
official,b,271,6,35440000,233,42b7d92684927db5,0,0
official,b,272,3,39631000,233,cbf924fdba614a84,0,0
official,b,273,4,35973000,233,267be939651e4196,0,0
official,b,274,0,54892000,233,0617d6741d8fd4e4,0,0
official,b,275,7,39034000,233,e6a4fb77cd98825a,0,0
official,b,276,9,35768000,233,1dd01d463a1ae956,0,0
official,b,277,9,34878000,233,1dd01d463a1ae956,0,0
official,b,278,6,34907000,233,42b7d92684927db5,0,0
official,b,279,1,35274000,233,00d7bdc064a43a01,0,0
official,b,280,1,35354000,233,00d7bdc064a43a01,0,0
official,b,281,6,35014000,233,42b7d92684927db5,0,0
official,b,282,6,34868000,233,42b7d92684927db5,0,0
official,b,283,8,34814000,233,65f7bb9d831e4524,0,0
official,b,284,0,54132000,233,0617d6741d8fd4e4,0,0
official,b,285,8,34864000,233,65f7bb9d831e4524,0,0
official,b,286,2,37994000,233,8377eaac40e0e967,0,0
official,b,287,3,38896000,233,cbf924fdba614a84,0,0
official,b,288,3,39126000,233,cbf924fdba614a84,0,0
official,b,289,4,35269000,233,267be939651e4196,0,0
official,b,290,8,34944000,233,65f7bb9d831e4524,0,0
official,b,291,2,37837000,233,8377eaac40e0e967,0,0
official,b,292,9,34971000,233,1dd01d463a1ae956,0,0
official,b,293,2,38006000,233,8377eaac40e0e967,0,0
official,b,294,9,35044000,233,1dd01d463a1ae956,0,0
official,b,295,4,35304000,233,267be939651e4196,0,0
official,b,296,4,35457000,233,267be939651e4196,0,0
official,b,297,7,38568000,233,e6a4fb77cd98825a,0,0
official,b,298,1,35615000,233,00d7bdc064a43a01,0,0
official,b,299,3,39320000,233,cbf924fdba614a84,0,0
d1,a,0,2,38489000,233,8377eaac40e0e967,0,0
d1,a,1,4,35478000,233,267be939651e4196,0,0
d1,a,2,3,39574000,233,cbf924fdba614a84,0,0
d1,a,3,6,35120000,233,42b7d92684927db5,0,0
d1,a,4,8,34661000,233,65f7bb9d831e4524,0,0
d1,a,5,2,38043000,233,8377eaac40e0e967,0,0
d1,a,6,5,42215000,233,1fdd60a5d4da0c58,0,0
d1,a,7,2,38099000,233,8377eaac40e0e967,0,0
d1,a,8,7,38736000,233,e6a4fb77cd98825a,0,0
d1,a,9,1,35283000,233,00d7bdc064a43a01,0,0
d1,a,10,9,34908000,233,1dd01d463a1ae956,0,0
d1,a,11,9,35107000,233,1dd01d463a1ae956,0,0
d1,a,12,3,39349000,233,cbf924fdba614a84,0,0
d1,a,13,1,35451000,233,00d7bdc064a43a01,0,0
d1,a,14,7,38863000,233,e6a4fb77cd98825a,0,0
d1,a,15,4,35381000,233,267be939651e4196,0,0
d1,a,16,3,39260000,233,cbf924fdba614a84,0,0
d1,a,17,5,42368000,233,1fdd60a5d4da0c58,0,0
d1,a,18,3,39330000,233,cbf924fdba614a84,0,0
d1,a,19,5,42005000,233,1fdd60a5d4da0c58,0,0
d1,a,20,1,35308000,233,00d7bdc064a43a01,0,0
d1,a,21,6,34947000,233,42b7d92684927db5,0,0
d1,a,22,8,34939000,233,65f7bb9d831e4524,0,0
d1,a,23,3,39297000,233,cbf924fdba614a84,0,0
d1,a,24,7,38473000,233,e6a4fb77cd98825a,0,0
d1,a,25,8,34734000,233,65f7bb9d831e4524,0,0
d1,a,26,2,38301000,233,8377eaac40e0e967,0,0
d1,a,27,1,35746000,233,00d7bdc064a43a01,0,0
d1,a,28,6,35187000,233,42b7d92684927db5,0,0
d1,a,29,3,39889000,233,cbf924fdba614a84,0,0
d1,a,30,2,39996000,233,8377eaac40e0e967,0,0
d1,a,31,7,39127000,233,e6a4fb77cd98825a,0,0
d1,a,32,5,42116000,233,1fdd60a5d4da0c58,0,0
d1,a,33,0,54248000,233,0617d6741d8fd4e4,0,0
d1,a,34,7,38952000,233,e6a4fb77cd98825a,0,0
d1,a,35,9,35226000,233,1dd01d463a1ae956,0,0
d1,a,36,1,35732000,233,00d7bdc064a43a01,0,0
d1,a,37,9,35119000,233,1dd01d463a1ae956,0,0
d1,a,38,4,35674000,233,267be939651e4196,0,0
d1,a,39,1,35095000,233,00d7bdc064a43a01,0,0
d1,a,40,0,54378000,233,0617d6741d8fd4e4,0,0
d1,a,41,7,38475000,233,e6a4fb77cd98825a,0,0
d1,a,42,0,54352000,233,0617d6741d8fd4e4,0,0
d1,a,43,1,35504000,233,00d7bdc064a43a01,0,0
d1,a,44,0,54742000,233,0617d6741d8fd4e4,0,0
d1,a,45,6,35008000,233,42b7d92684927db5,0,0
d1,a,46,7,38467000,233,e6a4fb77cd98825a,0,0
d1,a,47,4,35567000,233,267be939651e4196,0,0
d1,a,48,5,41996000,233,1fdd60a5d4da0c58,0,0
d1,a,49,0,54568000,233,0617d6741d8fd4e4,0,0
d1,a,50,4,35893000,233,267be939651e4196,0,0
d1,a,51,5,42589000,233,1fdd60a5d4da0c58,0,0
d1,a,52,6,35331000,233,42b7d92684927db5,0,0
d1,a,53,8,35025000,233,65f7bb9d831e4524,0,0
d1,a,54,4,35766000,233,267be939651e4196,0,0
d1,a,55,0,54564000,233,0617d6741d8fd4e4,0,0
d1,a,56,7,39085000,233,e6a4fb77cd98825a,0,0
d1,a,57,0,54450000,233,0617d6741d8fd4e4,0,0
d1,a,58,2,38396000,233,8377eaac40e0e967,0,0
d1,a,59,4,35743000,233,267be939651e4196,0,0
d1,a,60,2,38477000,233,8377eaac40e0e967,0,0
d1,a,61,5,42339000,233,1fdd60a5d4da0c58,0,0
d1,a,62,3,39285000,233,cbf924fdba614a84,0,0
d1,a,63,7,38940000,233,e6a4fb77cd98825a,0,0
d1,a,64,5,42114000,233,1fdd60a5d4da0c58,0,0
d1,a,65,8,35023000,233,65f7bb9d831e4524,0,0
d1,a,66,6,34875000,233,42b7d92684927db5,0,0
d1,a,67,3,39145000,233,cbf924fdba614a84,0,0
d1,a,68,1,35327000,233,00d7bdc064a43a01,0,0
d1,a,69,8,34643000,233,65f7bb9d831e4524,0,0
d1,a,70,5,42418000,233,1fdd60a5d4da0c58,0,0
d1,a,71,9,35334000,233,1dd01d463a1ae956,0,0
d1,a,72,8,35023000,233,65f7bb9d831e4524,0,0
d1,a,73,6,35235000,233,42b7d92684927db5,0,0
d1,a,74,3,40086000,233,cbf924fdba614a84,0,0
d1,a,75,6,35372000,233,42b7d92684927db5,0,0
d1,a,76,5,42109000,233,1fdd60a5d4da0c58,0,0
d1,a,77,5,42528000,233,1fdd60a5d4da0c58,0,0
d1,a,78,9,34906000,233,1dd01d463a1ae956,0,0
d1,a,79,8,34733000,233,65f7bb9d831e4524,0,0
d1,a,80,0,54568000,233,0617d6741d8fd4e4,0,0
d1,a,81,0,54069000,233,0617d6741d8fd4e4,0,0
d1,a,82,6,35126000,233,42b7d92684927db5,0,0
d1,a,83,4,35370000,233,267be939651e4196,0,0
d1,a,84,8,34986000,233,65f7bb9d831e4524,0,0
d1,a,85,9,35285000,233,1dd01d463a1ae956,0,0
d1,a,86,2,38294000,233,8377eaac40e0e967,0,0
d1,a,87,4,35407000,233,267be939651e4196,0,0
d1,a,88,5,42377000,233,1fdd60a5d4da0c58,0,0
d1,a,89,9,34875000,233,1dd01d463a1ae956,0,0
d1,a,90,1,35516000,233,00d7bdc064a43a01,0,0
d1,a,91,5,41924000,233,1fdd60a5d4da0c58,0,0
d1,a,92,1,35552000,233,00d7bdc064a43a01,0,0
d1,a,93,6,34825000,233,42b7d92684927db5,0,0
d1,a,94,3,39150000,233,cbf924fdba614a84,0,0
d1,a,95,7,38883000,233,e6a4fb77cd98825a,0,0
d1,a,96,8,34605000,233,65f7bb9d831e4524,0,0
d1,a,97,0,54689000,233,0617d6741d8fd4e4,0,0
d1,a,98,3,39521000,233,cbf924fdba614a84,0,0
d1,a,99,4,35831000,233,267be939651e4196,0,0
d1,a,100,3,39692000,233,cbf924fdba614a84,0,0
d1,a,101,0,54591000,233,0617d6741d8fd4e4,0,0
d1,a,102,4,35669000,233,267be939651e4196,0,0
d1,a,103,0,54886000,233,0617d6741d8fd4e4,0,0
d1,a,104,6,35258000,233,42b7d92684927db5,0,0
d1,a,105,4,35745000,233,267be939651e4196,0,0
d1,a,106,4,35790000,233,267be939651e4196,0,0
d1,a,107,6,35353000,233,42b7d92684927db5,0,0
d1,a,108,1,35819000,233,00d7bdc064a43a01,0,0
d1,a,109,2,38590000,233,8377eaac40e0e967,0,0
d1,a,110,8,35153000,233,65f7bb9d831e4524,0,0
d1,a,111,2,38547000,233,8377eaac40e0e967,0,0
d1,a,112,8,35043000,233,65f7bb9d831e4524,0,0
d1,a,113,4,35497000,233,267be939651e4196,0,0
d1,a,114,1,35498000,233,00d7bdc064a43a01,0,0
d1,a,115,1,35580000,233,00d7bdc064a43a01,0,0
d1,a,116,9,35393000,233,1dd01d463a1ae956,0,0
d1,a,117,4,35868000,233,267be939651e4196,0,0
d1,a,118,1,35922000,233,00d7bdc064a43a01,0,0
d1,a,119,5,42502000,233,1fdd60a5d4da0c58,0,0
d1,a,120,8,35056000,233,65f7bb9d831e4524,0,0
d1,a,121,2,38189000,233,8377eaac40e0e967,0,0
d1,a,122,2,38372000,233,8377eaac40e0e967,0,0
d1,a,123,9,35419000,233,1dd01d463a1ae956,0,0
d1,a,124,2,38685000,233,8377eaac40e0e967,0,0
d1,a,125,3,39647000,233,cbf924fdba614a84,0,0
d1,a,126,8,35264000,233,65f7bb9d831e4524,0,0
d1,a,127,3,39212000,233,cbf924fdba614a84,0,0
d1,a,128,6,35032000,233,42b7d92684927db5,0,0
d1,a,129,1,35404000,233,00d7bdc064a43a01,0,0
d1,a,130,6,35221000,233,42b7d92684927db5,0,0
d1,a,131,0,54503000,233,0617d6741d8fd4e4,0,0
d1,a,132,4,35412000,233,267be939651e4196,0,0
d1,a,133,6,35132000,233,42b7d92684927db5,0,0
d1,a,134,9,35311000,233,1dd01d463a1ae956,0,0
d1,a,135,7,38866000,233,e6a4fb77cd98825a,0,0
d1,a,136,0,54439000,233,0617d6741d8fd4e4,0,0
d1,a,137,3,39283000,233,cbf924fdba614a84,0,0
d1,a,138,6,35151000,233,42b7d92684927db5,0,0
d1,a,139,6,35039000,233,42b7d92684927db5,0,0
d1,a,140,8,35346000,233,65f7bb9d831e4524,0,0
d1,a,141,6,35051000,233,42b7d92684927db5,0,0
d1,a,142,3,39552000,233,cbf924fdba614a84,0,0
d1,a,143,3,38911000,233,cbf924fdba614a84,0,0
d1,a,144,7,38961000,233,e6a4fb77cd98825a,0,0
d1,a,145,6,34956000,233,42b7d92684927db5,0,0
d1,a,146,0,54294000,233,0617d6741d8fd4e4,0,0
d1,a,147,8,35388000,233,65f7bb9d831e4524,0,0
d1,a,148,4,35415000,233,267be939651e4196,0,0
d1,a,149,8,35719000,233,65f7bb9d831e4524,0,0
d1,a,150,5,42704000,233,1fdd60a5d4da0c58,0,0
d1,a,151,0,54472000,233,0617d6741d8fd4e4,0,0
d1,a,152,1,35732000,233,00d7bdc064a43a01,0,0
d1,a,153,4,36062000,233,267be939651e4196,0,0
d1,a,154,3,40099000,233,cbf924fdba614a84,0,0
d1,a,155,7,39076000,233,e6a4fb77cd98825a,0,0
d1,a,156,4,36022000,233,267be939651e4196,0,0
d1,a,157,5,42347000,233,1fdd60a5d4da0c58,0,0
d1,a,158,1,36079000,233,00d7bdc064a43a01,0,0
d1,a,159,8,35893000,233,65f7bb9d831e4524,0,0
d1,a,160,9,36470000,233,1dd01d463a1ae956,0,0
d1,a,161,9,35874000,233,1dd01d463a1ae956,0,0
d1,a,162,3,39793000,233,cbf924fdba614a84,0,0
d1,a,163,9,35192000,233,1dd01d463a1ae956,0,0
d1,a,164,2,38462000,233,8377eaac40e0e967,0,0
d1,a,165,5,42282000,233,1fdd60a5d4da0c58,0,0
d1,a,166,8,35239000,233,65f7bb9d831e4524,0,0
d1,a,167,1,35377000,233,00d7bdc064a43a01,0,0
d1,a,168,2,38595000,233,8377eaac40e0e967,0,0
d1,a,169,0,54215000,233,0617d6741d8fd4e4,0,0
d1,a,170,6,35209000,233,42b7d92684927db5,0,0
d1,a,171,7,38755000,233,e6a4fb77cd98825a,0,0
d1,a,172,9,35132000,233,1dd01d463a1ae956,0,0
d1,a,173,7,38405000,233,e6a4fb77cd98825a,0,0
d1,a,174,7,39079000,233,e6a4fb77cd98825a,0,0
d1,a,175,2,38161000,233,8377eaac40e0e967,0,0
d1,a,176,7,38659000,233,e6a4fb77cd98825a,0,0
d1,a,177,3,39630000,233,cbf924fdba614a84,0,0
d1,a,178,7,38938000,233,e6a4fb77cd98825a,0,0
d1,a,179,3,39034000,233,cbf924fdba614a84,0,0
d1,a,180,4,36023000,233,267be939651e4196,0,0
d1,a,181,1,35732000,233,00d7bdc064a43a01,0,0
d1,a,182,6,35130000,233,42b7d92684927db5,0,0
d1,a,183,2,38083000,233,8377eaac40e0e967,0,0
d1,a,184,0,54684000,233,0617d6741d8fd4e4,0,0
d1,a,185,6,34838000,233,42b7d92684927db5,0,0
d1,a,186,1,35429000,233,00d7bdc064a43a01,0,0
d1,a,187,8,35008000,233,65f7bb9d831e4524,0,0
d1,a,188,3,39269000,233,cbf924fdba614a84,0,0
d1,a,189,4,35821000,233,267be939651e4196,0,0
d1,a,190,4,35801000,233,267be939651e4196,0,0
d1,a,191,9,35094000,233,1dd01d463a1ae956,0,0
d1,a,192,9,35256000,233,1dd01d463a1ae956,0,0
d1,a,193,0,55175000,233,0617d6741d8fd4e4,0,0
d1,a,194,9,34923000,233,1dd01d463a1ae956,0,0
d1,a,195,3,39545000,233,cbf924fdba614a84,0,0
d1,a,196,9,34901000,233,1dd01d463a1ae956,0,0
d1,a,197,0,54365000,233,0617d6741d8fd4e4,0,0
d1,a,198,7,38932000,233,e6a4fb77cd98825a,0,0
d1,a,199,6,35205000,233,42b7d92684927db5,0,0
d1,a,200,8,34927000,233,65f7bb9d831e4524,0,0
d1,a,201,7,38788000,233,e6a4fb77cd98825a,0,0
d1,a,202,7,38633000,233,e6a4fb77cd98825a,0,0
d1,a,203,2,38226000,233,8377eaac40e0e967,0,0
d1,a,204,5,42583000,233,1fdd60a5d4da0c58,0,0
d1,a,205,8,34662000,233,65f7bb9d831e4524,0,0
d1,a,206,5,42007000,233,1fdd60a5d4da0c58,0,0
d1,a,207,2,38301000,233,8377eaac40e0e967,0,0
d1,a,208,9,35396000,233,1dd01d463a1ae956,0,0
d1,a,209,2,38070000,233,8377eaac40e0e967,0,0
d1,a,210,3,39563000,233,cbf924fdba614a84,0,0
d1,a,211,0,54688000,233,0617d6741d8fd4e4,0,0
d1,a,212,6,34974000,233,42b7d92684927db5,0,0
d1,a,213,2,41082000,233,8377eaac40e0e967,0,0
d1,a,214,1,37552000,233,00d7bdc064a43a01,0,0
d1,a,215,7,38784000,233,e6a4fb77cd98825a,0,0
d1,a,216,4,35959000,233,267be939651e4196,0,0
d1,a,217,6,35155000,233,42b7d92684927db5,0,0
d1,a,218,7,39148000,233,e6a4fb77cd98825a,0,0
d1,a,219,4,35558000,233,267be939651e4196,0,0
d1,a,220,3,39706000,233,cbf924fdba614a84,0,0
d1,a,221,9,35034000,233,1dd01d463a1ae956,0,0
d1,a,222,5,42231000,233,1fdd60a5d4da0c58,0,0
d1,a,223,2,38231000,233,8377eaac40e0e967,0,0
d1,a,224,5,42527000,233,1fdd60a5d4da0c58,0,0
d1,a,225,0,54415000,233,0617d6741d8fd4e4,0,0
d1,a,226,6,35057000,233,42b7d92684927db5,0,0
d1,a,227,9,35574000,233,1dd01d463a1ae956,0,0
d1,a,228,1,35544000,233,00d7bdc064a43a01,0,0
d1,a,229,1,35987000,233,00d7bdc064a43a01,0,0
d1,a,230,1,35416000,233,00d7bdc064a43a01,0,0
d1,a,231,5,42627000,233,1fdd60a5d4da0c58,0,0
d1,a,232,0,54866000,233,0617d6741d8fd4e4,0,0
d1,a,233,3,39594000,233,cbf924fdba614a84,0,0
d1,a,234,1,35674000,233,00d7bdc064a43a01,0,0
d1,a,235,1,35585000,233,00d7bdc064a43a01,0,0
d1,a,236,4,36187000,233,267be939651e4196,0,0
d1,a,237,9,35195000,233,1dd01d463a1ae956,0,0
d1,a,238,5,42550000,233,1fdd60a5d4da0c58,0,0
d1,a,239,8,34995000,233,65f7bb9d831e4524,0,0
d1,a,240,8,35949000,233,65f7bb9d831e4524,0,0
d1,a,241,5,43280000,233,1fdd60a5d4da0c58,0,0
d1,a,242,5,43218000,233,1fdd60a5d4da0c58,0,0
d1,a,243,4,36326000,233,267be939651e4196,0,0
d1,a,244,2,38983000,233,8377eaac40e0e967,0,0
d1,a,245,2,39168000,233,8377eaac40e0e967,0,0
d1,a,246,2,39090000,233,8377eaac40e0e967,0,0
d1,a,247,5,43106000,233,1fdd60a5d4da0c58,0,0
d1,a,248,7,39466000,233,e6a4fb77cd98825a,0,0
d1,a,249,8,35666000,233,65f7bb9d831e4524,0,0
d1,a,250,1,36306000,233,00d7bdc064a43a01,0,0
d1,a,251,6,35936000,233,42b7d92684927db5,0,0
d1,a,252,5,43295000,233,1fdd60a5d4da0c58,0,0
d1,a,253,9,35773000,233,1dd01d463a1ae956,0,0
d1,a,254,5,43255000,233,1fdd60a5d4da0c58,0,0
d1,a,255,0,55502000,233,0617d6741d8fd4e4,0,0
d1,a,256,9,35928000,233,1dd01d463a1ae956,0,0
d1,a,257,6,35915000,233,42b7d92684927db5,0,0
d1,a,258,5,42408000,233,1fdd60a5d4da0c58,0,0
d1,a,259,0,54463000,233,0617d6741d8fd4e4,0,0
d1,a,260,2,38733000,233,8377eaac40e0e967,0,0
d1,a,261,9,35120000,233,1dd01d463a1ae956,0,0
d1,a,262,7,39043000,233,e6a4fb77cd98825a,0,0
d1,a,263,7,38589000,233,e6a4fb77cd98825a,0,0
d1,a,264,2,39386000,233,8377eaac40e0e967,0,0
d1,a,265,2,39274000,233,8377eaac40e0e967,0,0
d1,a,266,5,43239000,233,1fdd60a5d4da0c58,0,0
d1,a,267,4,35828000,233,267be939651e4196,0,0
d1,a,268,3,39707000,233,cbf924fdba614a84,0,0
d1,a,269,0,54606000,233,0617d6741d8fd4e4,0,0
d1,a,270,1,35744000,233,00d7bdc064a43a01,0,0
d1,a,271,9,35473000,233,1dd01d463a1ae956,0,0
d1,a,272,0,54189000,233,0617d6741d8fd4e4,0,0
d1,a,273,8,35299000,233,65f7bb9d831e4524,0,0
d1,a,274,3,39497000,233,cbf924fdba614a84,0,0
d1,a,275,8,35158000,233,65f7bb9d831e4524,0,0
d1,a,276,9,35572000,233,1dd01d463a1ae956,0,0
d1,a,277,6,35189000,233,42b7d92684927db5,0,0
d1,a,278,0,54776000,233,0617d6741d8fd4e4,0,0
d1,a,279,7,38928000,233,e6a4fb77cd98825a,0,0
d1,a,280,8,35155000,233,65f7bb9d831e4524,0,0
d1,a,281,6,35067000,233,42b7d92684927db5,0,0
d1,a,282,7,38652000,233,e6a4fb77cd98825a,0,0
d1,a,283,7,38601000,233,e6a4fb77cd98825a,0,0
d1,a,284,4,36328000,233,267be939651e4196,0,0
d1,a,285,9,35101000,233,1dd01d463a1ae956,0,0
d1,a,286,1,35691000,233,00d7bdc064a43a01,0,0
d1,a,287,2,38363000,233,8377eaac40e0e967,0,0
d1,a,288,0,54788000,233,0617d6741d8fd4e4,0,0
d1,a,289,4,35569000,233,267be939651e4196,0,0
d1,a,290,8,35029000,233,65f7bb9d831e4524,0,0
d1,a,291,0,54571000,233,0617d6741d8fd4e4,0,0
d1,a,292,7,38969000,233,e6a4fb77cd98825a,0,0
d1,a,293,1,35954000,233,00d7bdc064a43a01,0,0
d1,a,294,4,35559000,233,267be939651e4196,0,0
d1,a,295,2,38477000,233,8377eaac40e0e967,0,0
d1,a,296,8,34799000,233,65f7bb9d831e4524,0,0
d1,a,297,3,39316000,233,cbf924fdba614a84,0,0
d1,a,298,3,39163000,233,cbf924fdba614a84,0,0
d1,a,299,9,35187000,233,1dd01d463a1ae956,0,0
d1,b,0,0,54471000,233,0617d6741d8fd4e4,0,0
d1,b,1,2,38086000,233,8377eaac40e0e967,0,0
d1,b,2,2,38678000,233,8377eaac40e0e967,0,0
d1,b,3,5,42216000,233,1fdd60a5d4da0c58,0,0
d1,b,4,1,35869000,233,00d7bdc064a43a01,0,0
d1,b,5,6,35339000,233,42b7d92684927db5,0,0
d1,b,6,3,39545000,233,cbf924fdba614a84,0,0
d1,b,7,5,42347000,233,1fdd60a5d4da0c58,0,0
d1,b,8,0,54896000,233,0617d6741d8fd4e4,0,0
d1,b,9,5,42347000,233,1fdd60a5d4da0c58,0,0
d1,b,10,2,38628000,233,8377eaac40e0e967,0,0
d1,b,11,8,34898000,233,65f7bb9d831e4524,0,0
d1,b,12,1,35938000,233,00d7bdc064a43a01,0,0
d1,b,13,7,39036000,233,e6a4fb77cd98825a,0,0
d1,b,14,2,38345000,233,8377eaac40e0e967,0,0
d1,b,15,4,35783000,233,267be939651e4196,0,0
d1,b,16,3,39283000,233,cbf924fdba614a84,0,0
d1,b,17,4,35842000,233,267be939651e4196,0,0
d1,b,18,8,35089000,233,65f7bb9d831e4524,0,0
d1,b,19,3,39517000,233,cbf924fdba614a84,0,0
d1,b,20,5,42204000,233,1fdd60a5d4da0c58,0,0
d1,b,21,0,54634000,233,0617d6741d8fd4e4,0,0
d1,b,22,0,54782000,233,0617d6741d8fd4e4,0,0
d1,b,23,7,38678000,233,e6a4fb77cd98825a,0,0
d1,b,24,3,39386000,233,cbf924fdba614a84,0,0
d1,b,25,9,35240000,233,1dd01d463a1ae956,0,0
d1,b,26,8,34938000,233,65f7bb9d831e4524,0,0
d1,b,27,2,38486000,233,8377eaac40e0e967,0,0
d1,b,28,3,39626000,233,cbf924fdba614a84,0,0
d1,b,29,1,35308000,233,00d7bdc064a43a01,0,0
d1,b,30,1,35714000,233,00d7bdc064a43a01,0,0
d1,b,31,3,39660000,233,cbf924fdba614a84,0,0
d1,b,32,3,39447000,233,cbf924fdba614a84,0,0
d1,b,33,3,39538000,233,cbf924fdba614a84,0,0
d1,b,34,0,54449000,233,0617d6741d8fd4e4,0,0
d1,b,35,7,38618000,233,e6a4fb77cd98825a,0,0
d1,b,36,5,42141000,233,1fdd60a5d4da0c58,0,0
d1,b,37,1,35643000,233,00d7bdc064a43a01,0,0
d1,b,38,0,54633000,233,0617d6741d8fd4e4,0,0
d1,b,39,9,35283000,233,1dd01d463a1ae956,0,0
d1,b,40,2,38149000,233,8377eaac40e0e967,0,0
d1,b,41,6,35107000,233,42b7d92684927db5,0,0
d1,b,42,1,35768000,233,00d7bdc064a43a01,0,0
d1,b,43,7,38823000,233,e6a4fb77cd98825a,0,0
d1,b,44,7,39012000,233,e6a4fb77cd98825a,0,0
d1,b,45,6,35170000,233,42b7d92684927db5,0,0
d1,b,46,5,42706000,233,1fdd60a5d4da0c58,0,0
d1,b,47,9,35010000,233,1dd01d463a1ae956,0,0
d1,b,48,5,42370000,233,1fdd60a5d4da0c58,0,0
d1,b,49,7,38734000,233,e6a4fb77cd98825a,0,0
d1,b,50,7,38886000,233,e6a4fb77cd98825a,0,0
d1,b,51,3,39368000,233,cbf924fdba614a84,0,0
d1,b,52,4,35779000,233,267be939651e4196,0,0
d1,b,53,9,35508000,233,1dd01d463a1ae956,0,0
d1,b,54,9,35673000,233,1dd01d463a1ae956,0,0
d1,b,55,0,54684000,233,0617d6741d8fd4e4,0,0
d1,b,56,5,42452000,233,1fdd60a5d4da0c58,0,0
d1,b,57,9,35524000,233,1dd01d463a1ae956,0,0
d1,b,58,0,54488000,233,0617d6741d8fd4e4,0,0
d1,b,59,4,36031000,233,267be939651e4196,0,0
d1,b,60,1,35893000,233,00d7bdc064a43a01,0,0
d1,b,61,3,39595000,233,cbf924fdba614a84,0,0
d1,b,62,0,54638000,233,0617d6741d8fd4e4,0,0
d1,b,63,8,34802000,233,65f7bb9d831e4524,0,0
d1,b,64,3,39790000,233,cbf924fdba614a84,0,0
d1,b,65,8,35002000,233,65f7bb9d831e4524,0,0
d1,b,66,5,42690000,233,1fdd60a5d4da0c58,0,0
d1,b,67,3,39193000,233,cbf924fdba614a84,0,0
d1,b,68,3,39455000,233,cbf924fdba614a84,0,0
d1,b,69,4,35807000,233,267be939651e4196,0,0
d1,b,70,0,54702000,233,0617d6741d8fd4e4,0,0
d1,b,71,8,35134000,233,65f7bb9d831e4524,0,0
d1,b,72,9,35202000,233,1dd01d463a1ae956,0,0
d1,b,73,2,38596000,233,8377eaac40e0e967,0,0
d1,b,74,0,54625000,233,0617d6741d8fd4e4,0,0
d1,b,75,0,54696000,233,0617d6741d8fd4e4,0,0
d1,b,76,8,35361000,233,65f7bb9d831e4524,0,0
d1,b,77,6,35191000,233,42b7d92684927db5,0,0
d1,b,78,5,42736000,233,1fdd60a5d4da0c58,0,0
d1,b,79,3,39957000,233,cbf924fdba614a84,0,0
d1,b,80,2,38660000,233,8377eaac40e0e967,0,0
d1,b,81,4,35773000,233,267be939651e4196,0,0
d1,b,82,4,36143000,233,267be939651e4196,0,0
d1,b,83,3,39222000,233,cbf924fdba614a84,0,0
d1,b,84,4,35797000,233,267be939651e4196,0,0
d1,b,85,7,38870000,233,e6a4fb77cd98825a,0,0
d1,b,86,9,35437000,233,1dd01d463a1ae956,0,0
d1,b,87,7,38870000,233,e6a4fb77cd98825a,0,0
d1,b,88,9,35245000,233,1dd01d463a1ae956,0,0
d1,b,89,5,42051000,233,1fdd60a5d4da0c58,0,0
d1,b,90,9,35609000,233,1dd01d463a1ae956,0,0
d1,b,91,3,39819000,233,cbf924fdba614a84,0,0
d1,b,92,2,38344000,233,8377eaac40e0e967,0,0
d1,b,93,9,35566000,233,1dd01d463a1ae956,0,0
d1,b,94,4,35743000,233,267be939651e4196,0,0
d1,b,95,0,54917000,233,0617d6741d8fd4e4,0,0
d1,b,96,5,42477000,233,1fdd60a5d4da0c58,0,0
d1,b,97,8,35066000,233,65f7bb9d831e4524,0,0
d1,b,98,9,35142000,233,1dd01d463a1ae956,0,0
d1,b,99,7,38765000,233,e6a4fb77cd98825a,0,0
d1,b,100,0,55058000,233,0617d6741d8fd4e4,0,0
d1,b,101,6,35026000,233,42b7d92684927db5,0,0
d1,b,102,1,35912000,233,00d7bdc064a43a01,0,0
d1,b,103,9,35232000,233,1dd01d463a1ae956,0,0
d1,b,104,2,38763000,233,8377eaac40e0e967,0,0
d1,b,105,3,39928000,233,cbf924fdba614a84,0,0
d1,b,106,5,42074000,233,1fdd60a5d4da0c58,0,0
d1,b,107,1,35437000,233,00d7bdc064a43a01,0,0
d1,b,108,9,35550000,233,1dd01d463a1ae956,0,0
d1,b,109,5,42305000,233,1fdd60a5d4da0c58,0,0
d1,b,110,6,35302000,233,42b7d92684927db5,0,0
d1,b,111,8,35555000,233,65f7bb9d831e4524,0,0
d1,b,112,0,54749000,233,0617d6741d8fd4e4,0,0
d1,b,113,8,35281000,233,65f7bb9d831e4524,0,0
d1,b,114,2,38193000,233,8377eaac40e0e967,0,0
d1,b,115,0,54581000,233,0617d6741d8fd4e4,0,0
d1,b,116,1,35940000,233,00d7bdc064a43a01,0,0
d1,b,117,6,35448000,233,42b7d92684927db5,0,0
d1,b,118,7,39010000,233,e6a4fb77cd98825a,0,0
d1,b,119,5,42412000,233,1fdd60a5d4da0c58,0,0
d1,b,120,4,35757000,233,267be939651e4196,0,0
d1,b,121,6,35212000,233,42b7d92684927db5,0,0
d1,b,122,3,39368000,233,cbf924fdba614a84,0,0
d1,b,123,2,38355000,233,8377eaac40e0e967,0,0
d1,b,124,0,54829000,233,0617d6741d8fd4e4,0,0
d1,b,125,1,36113000,233,00d7bdc064a43a01,0,0
d1,b,126,8,35601000,233,65f7bb9d831e4524,0,0
d1,b,127,6,35709000,233,42b7d92684927db5,0,0
d1,b,128,2,38647000,233,8377eaac40e0e967,0,0
d1,b,129,1,35852000,233,00d7bdc064a43a01,0,0
d1,b,130,2,38425000,233,8377eaac40e0e967,0,0
d1,b,131,1,35855000,233,00d7bdc064a43a01,0,0
d1,b,132,3,39757000,233,cbf924fdba614a84,0,0
d1,b,133,4,36131000,233,267be939651e4196,0,0
d1,b,134,4,35682000,233,267be939651e4196,0,0
d1,b,135,4,36078000,233,267be939651e4196,0,0
d1,b,136,3,39500000,233,cbf924fdba614a84,0,0
d1,b,137,3,39357000,233,cbf924fdba614a84,0,0
d1,b,138,3,39669000,233,cbf924fdba614a84,0,0
d1,b,139,8,35064000,233,65f7bb9d831e4524,0,0
d1,b,140,7,39086000,233,e6a4fb77cd98825a,0,0
d1,b,141,0,54721000,233,0617d6741d8fd4e4,0,0
d1,b,142,6,35463000,233,42b7d92684927db5,0,0
d1,b,143,3,39488000,233,cbf924fdba614a84,0,0
d1,b,144,0,54739000,233,0617d6741d8fd4e4,0,0
d1,b,145,4,35744000,233,267be939651e4196,0,0
d1,b,146,7,38955000,233,e6a4fb77cd98825a,0,0
d1,b,147,8,35143000,233,65f7bb9d831e4524,0,0
d1,b,148,7,39241000,233,e6a4fb77cd98825a,0,0
d1,b,149,7,39037000,233,e6a4fb77cd98825a,0,0
d1,b,150,2,38507000,233,8377eaac40e0e967,0,0
d1,b,151,3,39454000,233,cbf924fdba614a84,0,0
d1,b,152,6,35357000,233,42b7d92684927db5,0,0
d1,b,153,7,39131000,233,e6a4fb77cd98825a,0,0
d1,b,154,4,36000000,233,267be939651e4196,0,0
d1,b,155,6,35368000,233,42b7d92684927db5,0,0
d1,b,156,0,54876000,233,0617d6741d8fd4e4,0,0
d1,b,157,7,38909000,233,e6a4fb77cd98825a,0,0
d1,b,158,1,35670000,233,00d7bdc064a43a01,0,0
d1,b,159,4,35922000,233,267be939651e4196,0,0
d1,b,160,5,43206000,233,1fdd60a5d4da0c58,0,0
d1,b,161,2,39083000,233,8377eaac40e0e967,0,0
d1,b,162,6,35828000,233,42b7d92684927db5,0,0
d1,b,163,9,35775000,233,1dd01d463a1ae956,0,0
d1,b,164,6,35237000,233,42b7d92684927db5,0,0
d1,b,165,8,35051000,233,65f7bb9d831e4524,0,0
d1,b,166,1,35746000,233,00d7bdc064a43a01,0,0
d1,b,167,8,35244000,233,65f7bb9d831e4524,0,0
d1,b,168,1,35683000,233,00d7bdc064a43a01,0,0
d1,b,169,5,42631000,233,1fdd60a5d4da0c58,0,0
d1,b,170,4,35561000,233,267be939651e4196,0,0
d1,b,171,5,42698000,233,1fdd60a5d4da0c58,0,0
d1,b,172,0,54678000,233,0617d6741d8fd4e4,0,0
d1,b,173,8,35063000,233,65f7bb9d831e4524,0,0
d1,b,174,6,35229000,233,42b7d92684927db5,0,0
d1,b,175,1,35786000,233,00d7bdc064a43a01,0,0
d1,b,176,8,35079000,233,65f7bb9d831e4524,0,0
d1,b,177,5,42202000,233,1fdd60a5d4da0c58,0,0
d1,b,178,5,42368000,233,1fdd60a5d4da0c58,0,0
d1,b,179,7,39237000,233,e6a4fb77cd98825a,0,0
d1,b,180,5,42838000,233,1fdd60a5d4da0c58,0,0
d1,b,181,9,35341000,233,1dd01d463a1ae956,0,0
d1,b,182,8,35144000,233,65f7bb9d831e4524,0,0
d1,b,183,9,35328000,233,1dd01d463a1ae956,0,0
d1,b,184,0,55043000,233,0617d6741d8fd4e4,0,0
d1,b,185,6,35257000,233,42b7d92684927db5,0,0
d1,b,186,7,38759000,233,e6a4fb77cd98825a,0,0
d1,b,187,6,35490000,233,42b7d92684927db5,0,0
d1,b,188,9,35560000,233,1dd01d463a1ae956,0,0
d1,b,189,7,38779000,233,e6a4fb77cd98825a,0,0
d1,b,190,5,42719000,233,1fdd60a5d4da0c58,0,0
d1,b,191,5,42917000,233,1fdd60a5d4da0c58,0,0
d1,b,192,8,35857000,233,65f7bb9d831e4524,0,0
d1,b,193,8,35834000,233,65f7bb9d831e4524,0,0
d1,b,194,4,35489000,233,267be939651e4196,0,0
d1,b,195,9,35608000,233,1dd01d463a1ae956,0,0
d1,b,196,0,54631000,233,0617d6741d8fd4e4,0,0
d1,b,197,2,38598000,233,8377eaac40e0e967,0,0
d1,b,198,2,39753000,233,8377eaac40e0e967,0,0
d1,b,199,8,36969000,233,65f7bb9d831e4524,0,0
d1,b,200,6,36453000,233,42b7d92684927db5,0,0
d1,b,201,1,36672000,233,00d7bdc064a43a01,0,0
d1,b,202,5,43373000,233,1fdd60a5d4da0c58,0,0
d1,b,203,7,39690000,233,e6a4fb77cd98825a,0,0
d1,b,204,8,35921000,233,65f7bb9d831e4524,0,0
d1,b,205,7,39621000,233,e6a4fb77cd98825a,0,0
d1,b,206,0,55826000,233,0617d6741d8fd4e4,0,0
d1,b,207,6,35561000,233,42b7d92684927db5,0,0
d1,b,208,9,35499000,233,1dd01d463a1ae956,0,0
d1,b,209,1,36125000,233,00d7bdc064a43a01,0,0
d1,b,210,9,35315000,233,1dd01d463a1ae956,0,0
d1,b,211,5,42485000,233,1fdd60a5d4da0c58,0,0
d1,b,212,2,38443000,233,8377eaac40e0e967,0,0
d1,b,213,5,42987000,233,1fdd60a5d4da0c58,0,0
d1,b,214,4,36013000,233,267be939651e4196,0,0
d1,b,215,2,38550000,233,8377eaac40e0e967,0,0
d1,b,216,8,35152000,233,65f7bb9d831e4524,0,0
d1,b,217,7,39200000,233,e6a4fb77cd98825a,0,0
d1,b,218,1,36325000,233,00d7bdc064a43a01,0,0
d1,b,219,0,55725000,233,0617d6741d8fd4e4,0,0
d1,b,220,6,36064000,233,42b7d92684927db5,0,0
d1,b,221,1,35763000,233,00d7bdc064a43a01,0,0
d1,b,222,1,36173000,233,00d7bdc064a43a01,0,0
d1,b,223,6,35194000,233,42b7d92684927db5,0,0
d1,b,224,7,39322000,233,e6a4fb77cd98825a,0,0
d1,b,225,1,35402000,233,00d7bdc064a43a01,0,0
d1,b,226,2,39094000,233,8377eaac40e0e967,0,0
d1,b,227,5,43301000,233,1fdd60a5d4da0c58,0,0
d1,b,228,6,35492000,233,42b7d92684927db5,0,0
d1,b,229,2,38411000,233,8377eaac40e0e967,0,0
d1,b,230,1,35856000,233,00d7bdc064a43a01,0,0
d1,b,231,7,39123000,233,e6a4fb77cd98825a,0,0
d1,b,232,4,35884000,233,267be939651e4196,0,0
d1,b,233,2,38722000,233,8377eaac40e0e967,0,0
d1,b,234,7,38946000,233,e6a4fb77cd98825a,0,0
d1,b,235,8,35082000,233,65f7bb9d831e4524,0,0
d1,b,236,4,35840000,233,267be939651e4196,0,0
d1,b,237,4,36085000,233,267be939651e4196,0,0
d1,b,238,4,35766000,233,267be939651e4196,0,0
d1,b,239,5,42905000,233,1fdd60a5d4da0c58,0,0
d1,b,240,9,36233000,233,1dd01d463a1ae956,0,0
d1,b,241,7,39746000,233,e6a4fb77cd98825a,0,0
d1,b,242,0,55815000,233,0617d6741d8fd4e4,0,0
d1,b,243,1,36587000,233,00d7bdc064a43a01,0,0
d1,b,244,4,36654000,233,267be939651e4196,0,0
d1,b,245,0,55494000,233,0617d6741d8fd4e4,0,0
d1,b,246,9,35904000,233,1dd01d463a1ae956,0,0
d1,b,247,6,35274000,233,42b7d92684927db5,0,0
d1,b,248,6,35468000,233,42b7d92684927db5,0,0
d1,b,249,4,35646000,233,267be939651e4196,0,0
d1,b,250,6,35631000,233,42b7d92684927db5,0,0
d1,b,251,9,35852000,233,1dd01d463a1ae956,0,0
d1,b,252,4,36514000,233,267be939651e4196,0,0
d1,b,253,9,36175000,233,1dd01d463a1ae956,0,0
d1,b,254,3,40263000,233,cbf924fdba614a84,0,0
d1,b,255,1,36552000,233,00d7bdc064a43a01,0,0
d1,b,256,5,43125000,233,1fdd60a5d4da0c58,0,0
d1,b,257,7,39739000,233,e6a4fb77cd98825a,0,0
d1,b,258,2,39131000,233,8377eaac40e0e967,0,0
d1,b,259,3,40123000,233,cbf924fdba614a84,0,0
d1,b,260,6,36152000,233,42b7d92684927db5,0,0
d1,b,261,8,35897000,233,65f7bb9d831e4524,0,0
d1,b,262,2,39276000,233,8377eaac40e0e967,0,0
d1,b,263,0,55537000,233,0617d6741d8fd4e4,0,0
d1,b,264,2,39245000,233,8377eaac40e0e967,0,0
d1,b,265,5,43144000,233,1fdd60a5d4da0c58,0,0
d1,b,266,2,39345000,233,8377eaac40e0e967,0,0
d1,b,267,1,36488000,233,00d7bdc064a43a01,0,0
d1,b,268,9,36181000,233,1dd01d463a1ae956,0,0
d1,b,269,8,35858000,233,65f7bb9d831e4524,0,0
d1,b,270,8,35870000,233,65f7bb9d831e4524,0,0
d1,b,271,6,36179000,233,42b7d92684927db5,0,0
d1,b,272,3,40312000,233,cbf924fdba614a84,0,0
d1,b,273,4,36744000,233,267be939651e4196,0,0
d1,b,274,0,55737000,233,0617d6741d8fd4e4,0,0
d1,b,275,7,39880000,233,e6a4fb77cd98825a,0,0
d1,b,276,9,36244000,233,1dd01d463a1ae956,0,0
d1,b,277,9,36115000,233,1dd01d463a1ae956,0,0
d1,b,278,6,36065000,233,42b7d92684927db5,0,0
d1,b,279,1,36531000,233,00d7bdc064a43a01,0,0
d1,b,280,1,35743000,233,00d7bdc064a43a01,0,0
d1,b,281,6,35666000,233,42b7d92684927db5,0,0
d1,b,282,6,35191000,233,42b7d92684927db5,0,0
d1,b,283,8,35280000,233,65f7bb9d831e4524,0,0
d1,b,284,0,54857000,233,0617d6741d8fd4e4,0,0
d1,b,285,8,35147000,233,65f7bb9d831e4524,0,0
d1,b,286,2,38609000,233,8377eaac40e0e967,0,0
d1,b,287,3,39791000,233,cbf924fdba614a84,0,0
d1,b,288,3,40338000,233,cbf924fdba614a84,0,0
d1,b,289,4,35690000,233,267be939651e4196,0,0
d1,b,290,8,35407000,233,65f7bb9d831e4524,0,0
d1,b,291,2,38513000,233,8377eaac40e0e967,0,0
d1,b,292,9,35712000,233,1dd01d463a1ae956,0,0
d1,b,293,2,38526000,233,8377eaac40e0e967,0,0
d1,b,294,9,35927000,233,1dd01d463a1ae956,0,0
d1,b,295,4,35945000,233,267be939651e4196,0,0
d1,b,296,4,36215000,233,267be939651e4196,0,0
d1,b,297,7,38868000,233,e6a4fb77cd98825a,0,0
d1,b,298,1,36290000,233,00d7bdc064a43a01,0,0
d1,b,299,3,40202000,233,cbf924fdba614a84,0,0
